PhotoID,UserID,Date,Latitude,Longitude,Address
29572347,16047093@N00,02:21.0,10.495998,76.218681,"KARAMUKKU BHAGAVATHY TEMPLE, VALIYALUKKAL, 680027, VALIYALUKKAL, CHIYYARAM, KERALA, INDIA"
46378381,72738192@N00,27:03.0,26.479349,74.562866,"THE PINEAPPLE EXPRESS HOSTEL, 5 SAMARIYA COLONY JA­MNI KUND ROAD, 305022, 5 SAMARIYA COLONY JA­MNI KUND ROAD, PUSHKAR, RAJASTHAN, INDIA"
122726933,15792768@N00,44:26.0,13.091516,80.293579,"CHENNAI BEACH, RAJAJI SALAI, 600001, RAJAJI SALAI, CHENNAI, TAMIL NADU, INDIA"
122735272,15792768@N00,05:24.0,13.091516,80.293579,"CHENNAI BEACH, RAJAJI SALAI, 600001, RAJAJI SALAI, CHENNAI, TAMIL NADU, INDIA"
210798635,80484221@N00,01:25.0,9.5823,76.56063,"THAMARASSERY, INDIA"
254180952,68222897@N00,31:22.0,33.265686,78.189625,"PRAYER FLAGS, CHOMO CHONKAR LAKE, CHOMO CHONKAR LAKE, LADAKH, INDIA"
317820700,92306238@N00,53:29.0,12.812847,77.57369,"HILL TOP VIEW, BANNERGHUTTA, 560108, BANNERGHUTTA, BANNERUGHATTA, BENGALURU DIVISION, INDIA"
318271978,42114936@N00,28:25.0,25.310288,83.006064,"NAI SARAK ROAD, 221001, NAI SARAK ROAD, VARANASI, UTTAR PRADESH, INDIA"
327736431,16983412@N00,17:47.0,26.916633,70.910996,"THAR DESERT TOURS, PATWA HAVELI ROAD, 345001, PATWA HAVELI ROAD, JAISALMER, RAJASTHAN, INDIA"
379110497,61009686@N00,40:28.0,34.165803,77.587627,"CHANDAZIK GOMPA, SANKAR ROAD, SANKAR ROAD, LEH, LADAKH, INDIA"
385471302,43224524@N00,45:24.0,25.326493,83.027286,"GEM HOSPITAL, MADAN MOHAN MALVIYA ROAD, 221001, MADAN MOHAN MALVIYA ROAD, VARANASI, UTTAR PRADESH, INDIA"
399891216,43224524@N00,51:16.0,25.300967,83.009433,"MANASAROVAR GHAT DRAIN, 221001, INDIA"
413935202,48889048097@N01,37:13.0,13.044534,80.263881,"WAITROSE, P. S. SIVASAMY STREET, 600004, P. S. SIVASAMY STREET, CHENNAI, TAMIL NADU, INDIA"
416416753,95674706@N00,27:12.0,17.396019,78.39672,"QUTUB SHAHI TOMBS, QUTUB SHAHI TOMB RD, 500089, QUTUB SHAHI TOMB RD, TELANGANA, INDIA"
469620367,90394928@N00,20:39.0,12.970434,77.555236,"KEMPAPURA AGRAHARA, 560104, BENGALURU, KARNATAKA, INDIA"
478374971,17754816@N00,07:59.0,27.043684,88.26622,"HOTEL MOUNT PLEASANT, M.P. ROAD, 734101, M.P. ROAD, DARJEELING, WEST BENGAL, INDIA"
521389702,34965144@N00,00:06.0,22.674847,88.372596,"COLLEGE OF MEDICINE & SAGORE DUTTA HOSPITAL, P9CF+795, BARRACKPORE TRUNK RD, 700058, P9CF+795, BARRACKPORE TRUNK RD, KOLKATA, WEST BENGAL, INDIA"
522144727,48889048097@N01,00:01.0,12.921834,80.193672,"CASA GRANDE, RIVIERA APARTMENTS, VELACHERY MAIN ROAD, 600100, VELACHERY MAIN ROAD, TAMIL NADU, INDIA"
525888752,30835617@N00,53:41.0,17.717947,83.323059,"PANDURANGASWAMY TEMPLE ROAD, 530001, VISAKHAPATNAM, ANDHRA PRADESH, INDIA"
549866979,89044848@N00,08:37.0,27.174846,78.042969,"JAWAB, TAJ EAST GATE ROAD, 282006, TAJ EAST GATE ROAD, AGRA, UTTAR PRADESH, INDIA"
549872167,89044848@N00,13:34.0,27.174846,78.042969,"JAWAB, TAJ EAST GATE ROAD, 282006, TAJ EAST GATE ROAD, AGRA, UTTAR PRADESH, INDIA"
572848127,36804154@N00,38:13.0,17.408222,78.484783,"KUCHIPUDI ART ACADEMY, KUCHIPUDI ART ACADEMY ROAD, 500029, KUCHIPUDI ART ACADEMY ROAD, TELANGANA, INDIA"
576275665,95674706@N00,30:01.0,15.047341,73.98365,"THE MAHNAMAHNAS, AGONDA BEACH, 503702, AGONDA BEACH, AGONDA, GOA, INDIA"
744365018,24648752@N00,25:57.0,19.918888,73.531665,"RENUKA DEVI MANDIR, DURG BHANDAR, 422212, DURG BHANDAR, TRIMBAK, MAHARASHTRA, INDIA"
1022457934,95464641@N00,58:56.0,23.032978,72.577743,"SHREEJA KRUPA CHILDREN HOSPITAL, SHAHPUR, 380001, SHAHPUR, GUJARAT, INDIA"
1040672251,22598847@N00,29:48.0,11.438469,76.694526,"KULISHOLAI, 643001, TAMIL NADU, INDIA"
1630545435,68192311@N00,08:56.0,31.631606,74.879894,"SHER SHAH SURI MARG, 143001, SHER SHAH SURI MARG, AMRITSAR, PUNJAB, INDIA"
1840993207,61433078@N00,55:42.0,12.29438,76.66122,"RESPITE, 570001, INDIA"
2097542776,63709829@N00,24:50.0,28.592722,77.248027,"AFSARWALA'S TOMB, HUMAYUN'S TOMB PARKING, 110013, HUMAYUN'S TOMB PARKING, DELHI, INDIA"
2150581529,11631880@N00,47:55.0,13.036397,77.57369,"4TH CROSS ROAD, 560094, BENGALURU, BENGALURU DIVISION, INDIA"
2265124010,10383800@N08,04:39.0,27.175094,78.042068,"TAJ MAHAL, TAJ EAST GATE ROAD, 282006, TAJ EAST GATE ROAD, AGRA, UTTAR PRADESH, INDIA"
2307161324,42389268@N00,08:51.0,15.495536,73.824348,"HOTEL MANOSHANTI, DR DADA VAIDYA ROAD, 403001, DR DADA VAIDYA ROAD, PANAJI, GOA, INDIA"
2335306463,16910667@N08,00:00.0,28.016377,73.327045,"FILM CITY CAFE, 334001, BIKANER, RAJASTHAN, INDIA"
2870313947,56693098@N00,59:54.0,25.323157,83.018188,"JAMEA HOSPITAL, RABINDRANATH TAGORE ROAD, 221001, RABINDRANATH TAGORE ROAD, VARANASI, UTTAR PRADESH, INDIA"
2916024810,60444977@N00,21:44.0,26.945676,75.839781,"JAMWA RAMGARH ROAD, 302001, JAMWA RAMGARH ROAD, JAIPUR MUNICIPAL CORPORATION, RAJASTHAN, INDIA"
3009457091,72155957@N00,34:16.0,28.539313,77.206356,"BEGUMPURI MOSQUE, 15, 110017, 15, DELHI, INDIA"
3064088157,40176001@N00,44:04.0,31.962966,77.110033,"SULTANPUR, 175100, KULLU, HIMACHAL PRADESH, INDIA"
3078972857,27207517@N08,13:38.0,25.330372,83.022308,"GT ROAD, 221001, VARANASI, UTTAR PRADESH, INDIA"
3174431118,44124298927@N01,47:35.0,17.442207,78.484611,"BUDGET BAR, S D ROAD, 500003, S D ROAD, TELANGANA, INDIA"
3277145312,24272300@N07,13:25.0,28.651428,77.234401,"DRINKING WATER STATION, MEENA BAZAAR, 110006, MEENA BAZAAR, DELHI, INDIA"
3340136275,41894175704@N01,33:13.0,30.402766,78.460158,"BOATING POINT, CHAMBA-BARKOT ROAD, 249001, CHAMBA-BARKOT ROAD, NAIL, UTTARAKHAND, INDIA"
3347983621,24642170@N07,00:00.0,25.116844,73.472785,"TICKETS ADINATH TEMPLE, RAJASTHAN, INDIA"
3374098577,21375717@N00,12:53.0,31.296666,75.590744,"THE3RDSPACE, MANN NAGAR MARKET, 144001, MANN NAGAR MARKET, JALANDHAR, PUNJAB, INDIA"
3391881844,30889436@N05,44:19.0,27.221051,77.949972,"AKBAR'S TOMB AND MAUSOLEUM, BAIPUR ROAD, 282007, BAIPUR ROAD, AGRA, UTTAR PRADESH, INDIA"
3411922402,15543596@N05,00:39.0,15.442206,73.89092,"FR AGNEL HIGH SCHOOL, 403203, NEURA, GOA, INDIA"
3619022242,9720378@N06,00:38.0,12.305475,76.657576,"PALACE ROAD, 570001, MYSURU, MYSURU DIVISION, INDIA"
3787439309,22098403@N00,09:24.0,12.310234,76.650581,"EVENING BAZAAR, SHIVARAMPET, DEVARAJA MOHALLA, SHIVARAMPET,, 570001, SHIVARAMPET, DEVARAJA MOHALLA, SHIVARAMPET,, MYSURU, KARNATAKA, INDIA"
4025369614,14269353@N00,27:55.0,27.577061,77.695282,"VRINDAVAN, MATHURA ROAD, 281121, MATHURA ROAD, VRINDAVAN, UTTAR PRADESH, INDIA"
4041912557,68222897@N00,15:01.0,31.102916,77.183211,"JAKHOO TEMPLE, RIDGE SANJAULI ROAD, 171006, RIDGE SANJAULI ROAD, SHIMLA, HIMACHAL PRADESH, INDIA"
4090057698,15237218@N00,42:34.0,28.595054,77.170854,"TAJ PALACE HOTEL, ABAI MARG, 110021, ABAI MARG, NEW DELHI, DELHI, INDIA"
4228465968,60955494@N00,35:22.0,30.118774,78.303165,"AERAN DENTAL CARE, 21, TILAK ROAD, RISHIKESH, 249304, 21, TILAK ROAD, RISHIKESH, UTTARAKHAND, INDIA"
4280430897,46643494@N06,24:38.0,18.942497,72.83575,"CSMT, CSMT, 400038, CSMT, MUMBAI, MAHARASHTRA, INDIA"
4288773335,64087373@N00,10:33.0,27.182501,77.503738,"FOREST RESTHOUSE, JATOLI ROAD, 321001, JATOLI ROAD, BHARATPUR, RAJASTHAN, INDIA"
4304675163,68117180@N00,15:03.0,27.177719,78.0093,"30, INDIA"
4336586899,38458469@N02,51:10.0,26.91411,70.911598,"SBI, CHAINPURA STREET, 345001, CHAINPURA STREET, JAISALMER, RAJASTHAN, INDIA"
4343399744,44124286026@N01,14:53.0,19.01,72.839999,"SMT. KAMLA MEHTA BLIND SCHOOL, DADASAHEB PHALKE MARG, 400014, DADASAHEB PHALKE MARG, MUMBAI, MAHARASTRA, INDIA"
4368297214,33037982@N04,12:37.0,15.515742,73.770237,"T.O.G CANDOLIM, SEQUIERA VADDO, 403515, SEQUIERA VADDO, CANDOLIM, GOA, INDIA"
4450862330,31902638@N06,36:12.0,27.175027,78.041628,"TAJ MAHAL, TAJ EAST GATE ROAD, 282006, TAJ EAST GATE ROAD, AGRA, UTTAR PRADESH, INDIA"
4517461834,60955494@N00,59:07.0,25.33813,82.994842,"PRACHIN SHRI CHAURA MATA MANDIR, MAKBUL ALAN ROAD, 221002, MAKBUL ALAN ROAD, VARANASI, UTTAR PRADESH, INDIA"
4528376856,60955494@N00,39:02.0,14.546034,74.323196,"BEST THALI RESTAURANT, 581326, GOKARNA, KARNATAKA, INDIA"
4669250850,66729335@N00,32:54.0,18.539024,73.912754,"HARD ROCK CAFE, KOREGAON PARK ANNEXE MUNDHWA ROAD, 411036, KOREGAON PARK ANNEXE MUNDHWA ROAD, PUNE, MAHARASHTRA, INDIA"
4751280038,51650029@N03,02:41.0,21.538559,70.46133,"DR. DHOKARIA HOSPITAL, 362001, JUNAGADH, GUJARAT, INDIA"
4791475461,53739619@N00,27:56.0,34.198173,77.494812,"HIDDEN NORTH, 194101, PHYANG, LADAKH, INDIA"
4799588492,22214542@N00,37:32.0,18.988704,73.270804,"UNION BANK OF INDIA, 8, M. G. ROAD,BAZAR PLOT, 410102, M. G. ROAD,BAZAR PLOT, MATHERAN, MAHARASHTRA, INDIA"
5032847562,7729354@N08,22:33.0,28.621822,77.38306,"SECTOR 63, 201309, NOIDA, UTTAR PRADESH, INDIA"
5137676729,12123300@N04,19:56.0,26.89375,88.176527,"MILESTONE, MIRIK ROAD, 734214, MIRIK ROAD, MIRIK, WEST BENGAL, INDIA"
5208616373,41849930@N08,33:29.0,14.419634,74.412546,"581343, KUMTA, KARNATAKA, INDIA"
5270481971,43334562@N00,36:20.0,26.268772,73.038389,"PARK PLAZA, PAANCH BATTI, 342011, PAANCH BATTI, JODHPUR, RAJASTHAN, INDIA"
5349487803,90338469@N00,00:17.0,27.086696,77.66467,"FATEHPUR SIKRI, 283110, UTTAR PRADESH, INDIA"
5385309453,48587703@N00,13:05.0,22.975726,72.650184,"AHMADABAD VADODARA EXPRESSWAY, 382445, GUJARAT, INDIA"
5462323373,84148435@N00,13:11.0,23.034599,72.601402,"NARODA ROAD, 380021, GUJARAT, INDIA"
5648464223,37850683@N04,55:59.0,28.509502,77.261202,"GHIYAS-UD-DIN TUGHLAQ'S TOMB, CAUSEWAY TO GHIYAS-UD-DIN TUGHLAQ'S TOMB, 110080, CAUSEWAY TO GHIYAS-UD-DIN TUGHLAQ'S TOMB, DELHI, INDIA"
5734132615,34010070@N04,47:37.0,28.632614,77.219123,"FOOD ON THE GO, CONNAUGHT PLACE, 110001, CONNAUGHT PLACE, NEW DELHI, DELHI, INDIA"
5737579055,34010070@N04,14:19.0,25.320345,83.022522,"JAISWAL HOUSE, MOHALLA BHUTAHI IMALI, KOTWALI, 221001, MOHALLA BHUTAHI IMALI, KOTWALI, VARANASI, UTTAR PRADESH, INDIA"
5739236798,37850683@N04,52:56.0,28.520853,77.1861,"MEHRAULI ARCHEOLOGICAL PARK PATH, 110030, DELHI, INDIA"
5741705063,37850683@N04,00:52.0,28.558327,77.19405,"CHAUDHARY HARSUKH MARG, 110066, DELHI, INDIA"
5838276545,45524939@N00,09:01.0,12.415977,76.57638,"KRISHNARAJA SAGARA ROAD, 571606, KRISHNARAJASAGARA, KARNATAKA, INDIA"
5845658900,7956695@N03,08:20.0,11.675436,76.629638,"GUNDLUPET-GUDALLUR-COIMBATORE RD, 571126, KARNATAKA, INDIA"
5870392743,70522775@N00,20:43.0,22.600461,88.361427,"SILPI NITAI PAUL LN, 700005, KOLKATA, WEST BENGAL, INDIA"
5879461403,40584328@N00,33:37.0,12.980743,77.624995,"AAVISHKAR ACADEMY, SATHYANARAYANA TEMPLE STREET, 560042, SATHYANARAYANA TEMPLE STREET, BENGALURU, BENGALURU DIVISION, INDIA"
6226762839,85855348@N00,27:20.0,26.829811,75.774338,"ABHI CLINIC, NH11, 302020, NH11, RAJASTHAN, INDIA"
6237307189,57204181@N08,45:03.0,21.443482,87.007942,"DRDO INTEGRATED TEST RANGE, PRAKASH NAGAR, CHANDIPUR, 756021, PRAKASH NAGAR, CHANDIPUR, BALASORE, ODISHA, ODISHA, INDIA"
6286131837,37850683@N04,34:33.0,28.338985,79.430465,"AKSHAR VIHAR, 243001, INDIA"
6352111550,27326713@N02,57:47.0,28.65613,77.243574,"KHAS MAHAL, MAHATMA GANDHI MARG, 110006, MAHATMA GANDHI MARG, DELHI, INDIA"
6362166797,67769030@N07,45:09.0,18.94,72.8353,"CHHATRAPATI SHIVAJI MAHARAJ TERMINUS - CSMT, CSMT, 400038, CSMT, MUMBAI, MAHARASHTRA, INDIA"
6412417545,29436924@N00,16:39.0,19.126107,72.82052,"VERSOVA SOCIAL, JAYAPRAKASH NARAYAN ROAD, 400061, JAYAPRAKASH NARAYAN ROAD, MUMBAI, MAHARASHTRA, INDIA"
6487905189,35962551@N07,23:50.0,12.951661,77.522758,"13TH CROSS ROAD, 560072, BENGALURU, BENGALURU DIVISION, INDIA"
6800394160,14214150@N02,13:11.0,20.290537,85.825881,"NICCO PARK, JAYDEV VIHAR, 751001, JAYDEV VIHAR, BHUBANESWAR, ODISHA, INDIA"
6811779395,56017663@N03,11:08.0,13.719874,80.112476,"SRIHARIKOTA ROAD, 600032, ATAKANITIPPA, ANDHRA PRADESH, INDIA"
6976254611,26263283@N00,12:49.0,12.957731,77.649081,"CANARA BANK, PEOPLE TREE HOSPITALS, METRO STOP, 2, TUMKUR RD, NEXT TO, GORAGUNTEPALYA, YESWANTHPUR, 560071, PEOPLE TREE HOSPITALS, METRO STOP, 2, TUMKUR RD, NEXT TO, GORAGUNTEPALYA, YESWANTHPUR, KARNATAKA, INDIA"
6993580632,65326158@N00,24:27.0,25.53365,82.061186,"IFFCO HOSPITAL, 212404, UTTAR PRADESH, INDIA"
7578937078,61784959@N00,55:08.0,25.306825,83.01027,"PRAYAG GHAT, BANGALI TOLA, 221001, BANGALI TOLA, VARANASI, UTTAR PRADESH, INDIA"
8446977570,36859875@N00,11:30.0,9.449,77.5565,"ASHOK TALKIES ROAD, 626117, RAJAPALAYAM, TAMIL NADU, INDIA"
8450985006,26621269@N00,55:37.0,34.243883,77.628841,"J&K POLICE CHECK-POST@ SOUTH PULU, LEH KHARDUNG LA ROAD, LEH KHARDUNG LA ROAD, LEH, LADAKH, INDIA"
8474545803,37313707@N00,32:19.0,22.260577,84.884447,"32 PEARLS DENTAL CLINIC AND ADVANCE IMPLANT CENTRE, SECTOR-20, 769014, SECTOR-20, ODHISA, INDIA"
8509701676,66146036@N00,50:16.0,27.177922,78.023675,"THE SHAHJAHANI MAHALIA (1628-35), 282004, AGRA, UTTAR PRADESH, INDIA"
8587253092,63211764@N00,09:20.0,12.910155,77.651877,"1665, 1ST FLOOR, 27TH MAIN RD, ABOVE BASKIN & ROBINS, SECTOR 2, HSR LAYOUT, 560068, 1ST FLOOR, 27TH MAIN RD, ABOVE BASKIN & ROBINS, SECTOR 2, HSR LAYOUT, BENGALURU DIVISION, INDIA"
8695195869,26791332@N02,12:36.0,26.17468,91.744613,"BORSOLA BEEL, INDIA"
8757212210,67977633@N08,28:58.0,21.861498,84.017601,"JYOTI HOMEO CLINIC, MAIN MARKET ROAD, 768202, MAIN MARKET ROAD, JHARSUGUDA, ODHISA, INDIA"
9179775044,8250978@N04,21:50.0,27.174641,78.041847,"TAJ MAHAL, TAJ EAST GATE ROAD, 282006, TAJ EAST GATE ROAD, AGRA, UTTAR PRADESH, INDIA"
9216658033,17046628@N08,38:35.0,19.133666,72.901166,"RENAISSANCE MUMBAI CONVENTION CENTRE HOTEL, HOSTEL 18 ROAD, 400087, HOSTEL 18 ROAD, MUMBAI, MAHARASHTRA, INDIA"
9609951148,97490011@N06,25:32.0,28.641284,77.224903,"VIVEKANAND MARG, 110006, DELHI, INDIA"
10161547174,57673737@N00,13:17.0,26.487055,74.561052,"PANCH KUND ROAD, 302055, PANCH KUND ROAD, PUSHKAR, RAJASTHAN, INDIA"
11683590413,9808711@N04,25:56.0,18.969416,72.931236,"PATH TO CAVES, 400007, PATH TO CAVES, INDIA"
11965243346,92455828@N00,51:56.0,15.174338,73.941105,"WIN-WIN'S LEISURE PLACE BEACH SHACK, ORLIM ROAD, 403731, ORLIM ROAD, CAVELOSSIM, GOA, INDIA"
12130413694,50378660@N00,12:55.0,18.926422,72.839012,"MUMBAI NAVAL BASE AND DOCKYARD, CHHATRAPATI SHIVAJI MAHARAJ MARG, 400023, CHHATRAPATI SHIVAJI MAHARAJ MARG, MUMBAI, MAHARASHTRA, INDIA"
12159028796,10297667@N06,27:45.0,22.562802,88.350011,"ESPLANADE, DUFFERIN ROAD, 700001, DUFFERIN ROAD, KOLKATA, WEST BENGAL, INDIA"
12231197975,29780116@N03,19:50.0,28.607156,77.205982,"KUMARASWAMI KAMARAJ MARG, 110011, NEW DELHI, DELHI, INDIA"
12611845805,17754816@N00,52:20.0,26.926263,75.823875,"CITY PALACE, TRIPOLIA BAZAAR, 302001, TRIPOLIA BAZAAR, JAIPUR MUNICIPAL CORPORATION, RAJASTHAN, INDIA"
12949897774,27526538@N07,55:00.0,13.055357,77.622141,"F22, 560005, BENGALURU DIVISION, INDIA"
29572347,16047093@N00,02:21.0,10.495998,76.218681,"KARAMUKKU BHAGAVATHY TEMPLE, VALIYALUKKAL, 680027, VALIYALUKKAL, CHIYYARAM, KERALA, INDIA"
46378381,72738192@N00,27:03.0,26.479349,74.562866,"THE PINEAPPLE EXPRESS HOSTEL, 5 SAMARIYA COLONY JA­MNI KUND ROAD, 305022, 5 SAMARIYA COLONY JA­MNI KUND ROAD, PUSHKAR, RAJASTHAN, INDIA"
122726933,15792768@N00,44:26.0,13.091516,80.293579,"CHENNAI BEACH, RAJAJI SALAI, 600001, RAJAJI SALAI, CHENNAI, TAMIL NADU, INDIA"
122735272,15792768@N00,05:24.0,13.091516,80.293579,"CHENNAI BEACH, RAJAJI SALAI, 600001, RAJAJI SALAI, CHENNAI, TAMIL NADU, INDIA"
210798635,80484221@N00,01:25.0,9.5823,76.56063,"THAMARASSERY, INDIA"
254180952,68222897@N00,31:22.0,33.265686,78.189625,"PRAYER FLAGS, CHOMO CHONKAR LAKE, CHOMO CHONKAR LAKE, LADAKH, INDIA"
317820700,92306238@N00,53:29.0,12.812847,77.57369,"HILL TOP VIEW, BANNERGHUTTA, 560108, BANNERGHUTTA, BANNERUGHATTA, BENGALURU DIVISION, INDIA"
318271978,42114936@N00,28:25.0,25.310288,83.006064,"NAI SARAK ROAD, 221001, NAI SARAK ROAD, VARANASI, UTTAR PRADESH, INDIA"
327736431,16983412@N00,17:47.0,26.916633,70.910996,"THAR DESERT TOURS, PATWA HAVELI ROAD, 345001, PATWA HAVELI ROAD, JAISALMER, RAJASTHAN, INDIA"
379110497,61009686@N00,40:28.0,34.165803,77.587627,"CHANDAZIK GOMPA, SANKAR ROAD, SANKAR ROAD, LEH, LADAKH, INDIA"
385471302,43224524@N00,45:24.0,25.326493,83.027286,"GEM HOSPITAL, MADAN MOHAN MALVIYA ROAD, 221001, MADAN MOHAN MALVIYA ROAD, VARANASI, UTTAR PRADESH, INDIA"
399891216,43224524@N00,51:16.0,25.300967,83.009433,"MANASAROVAR GHAT DRAIN, 221001, INDIA"
413935202,48889048097@N01,37:13.0,13.044534,80.263881,"WAITROSE, P. S. SIVASAMY STREET, 600004, P. S. SIVASAMY STREET, CHENNAI, TAMIL NADU, INDIA"
416416753,95674706@N00,27:12.0,17.396019,78.39672,"QUTUB SHAHI TOMBS, QUTUB SHAHI TOMB RD, 500089, QUTUB SHAHI TOMB RD, TELANGANA, INDIA"
469620367,90394928@N00,20:39.0,12.970434,77.555236,"KEMPAPURA AGRAHARA, 560104, BENGALURU, KARNATAKA, INDIA"
478374971,17754816@N00,07:59.0,27.043684,88.26622,"HOTEL MOUNT PLEASANT, M.P. ROAD, 734101, M.P. ROAD, DARJEELING, WEST BENGAL, INDIA"
521389702,34965144@N00,00:06.0,22.674847,88.372596,"COLLEGE OF MEDICINE & SAGORE DUTTA HOSPITAL, P9CF+795, BARRACKPORE TRUNK RD, 700058, P9CF+795, BARRACKPORE TRUNK RD, KOLKATA, WEST BENGAL, INDIA"
522144727,48889048097@N01,00:01.0,12.921834,80.193672,"CASA GRANDE, RIVIERA APARTMENTS, VELACHERY MAIN ROAD, 600100, VELACHERY MAIN ROAD, TAMIL NADU, INDIA"
525888752,30835617@N00,53:41.0,17.717947,83.323059,"PANDURANGASWAMY TEMPLE ROAD, 530001, VISAKHAPATNAM, ANDHRA PRADESH, INDIA"
549866979,89044848@N00,08:37.0,27.174846,78.042969,"JAWAB, TAJ EAST GATE ROAD, 282006, TAJ EAST GATE ROAD, AGRA, UTTAR PRADESH, INDIA"
549872167,89044848@N00,13:34.0,27.174846,78.042969,"JAWAB, TAJ EAST GATE ROAD, 282006, TAJ EAST GATE ROAD, AGRA, UTTAR PRADESH, INDIA"
572848127,36804154@N00,38:13.0,17.408222,78.484783,"KUCHIPUDI ART ACADEMY, KUCHIPUDI ART ACADEMY ROAD, 500029, KUCHIPUDI ART ACADEMY ROAD, TELANGANA, INDIA"
576275665,95674706@N00,30:01.0,15.047341,73.98365,"THE MAHNAMAHNAS, AGONDA BEACH, 503702, AGONDA BEACH, AGONDA, GOA, INDIA"
744365018,24648752@N00,25:57.0,19.918888,73.531665,"RENUKA DEVI MANDIR, DURG BHANDAR, 422212, DURG BHANDAR, TRIMBAK, MAHARASHTRA, INDIA"
1022457934,95464641@N00,58:56.0,23.032978,72.577743,"SHREEJA KRUPA CHILDREN HOSPITAL, SHAHPUR, 380001, SHAHPUR, GUJARAT, INDIA"
1040672251,22598847@N00,29:48.0,11.438469,76.694526,"KULISHOLAI, 643001, TAMIL NADU, INDIA"
1630545435,68192311@N00,08:56.0,31.631606,74.879894,"SHER SHAH SURI MARG, 143001, SHER SHAH SURI MARG, AMRITSAR, PUNJAB, INDIA"
1840993207,61433078@N00,55:42.0,12.29438,76.66122,"RESPITE, 570001, INDIA"
2097542776,63709829@N00,24:50.0,28.592722,77.248027,"AFSARWALA'S TOMB, HUMAYUN'S TOMB PARKING, 110013, HUMAYUN'S TOMB PARKING, DELHI, INDIA"
2150581529,11631880@N00,47:55.0,13.036397,77.57369,"4TH CROSS ROAD, 560094, BENGALURU, BENGALURU DIVISION, INDIA"
2265124010,10383800@N08,04:39.0,27.175094,78.042068,"TAJ MAHAL, TAJ EAST GATE ROAD, 282006, TAJ EAST GATE ROAD, AGRA, UTTAR PRADESH, INDIA"
2307161324,42389268@N00,08:51.0,15.495536,73.824348,"HOTEL MANOSHANTI, DR DADA VAIDYA ROAD, 403001, DR DADA VAIDYA ROAD, PANAJI, GOA, INDIA"
2335306463,16910667@N08,00:00.0,28.016377,73.327045,"FILM CITY CAFE, 334001, BIKANER, RAJASTHAN, INDIA"
2870313947,56693098@N00,59:54.0,25.323157,83.018188,"JAMEA HOSPITAL, RABINDRANATH TAGORE ROAD, 221001, RABINDRANATH TAGORE ROAD, VARANASI, UTTAR PRADESH, INDIA"
2916024810,60444977@N00,21:44.0,26.945676,75.839781,"JAMWA RAMGARH ROAD, 302001, JAMWA RAMGARH ROAD, JAIPUR MUNICIPAL CORPORATION, RAJASTHAN, INDIA"
3009457091,72155957@N00,34:16.0,28.539313,77.206356,"BEGUMPURI MOSQUE, 15, 110017, 15, DELHI, INDIA"
3064088157,40176001@N00,44:04.0,31.962966,77.110033,"SULTANPUR, 175100, KULLU, HIMACHAL PRADESH, INDIA"
3078972857,27207517@N08,13:38.0,25.330372,83.022308,"GT ROAD, 221001, VARANASI, UTTAR PRADESH, INDIA"
3174431118,44124298927@N01,47:35.0,17.442207,78.484611,"BUDGET BAR, S D ROAD, 500003, S D ROAD, TELANGANA, INDIA"
3277145312,24272300@N07,13:25.0,28.651428,77.234401,"DRINKING WATER STATION, MEENA BAZAAR, 110006, MEENA BAZAAR, DELHI, INDIA"
3340136275,41894175704@N01,33:13.0,30.402766,78.460158,"BOATING POINT, CHAMBA-BARKOT ROAD, 249001, CHAMBA-BARKOT ROAD, NAIL, UTTARAKHAND, INDIA"
3347983621,24642170@N07,00:00.0,25.116844,73.472785,"TICKETS ADINATH TEMPLE, RAJASTHAN, INDIA"
3374098577,21375717@N00,12:53.0,31.296666,75.590744,"THE3RDSPACE, MANN NAGAR MARKET, 144001, MANN NAGAR MARKET, JALANDHAR, PUNJAB, INDIA"
3391881844,30889436@N05,44:19.0,27.221051,77.949972,"AKBAR'S TOMB AND MAUSOLEUM, BAIPUR ROAD, 282007, BAIPUR ROAD, AGRA, UTTAR PRADESH, INDIA"
3411922402,15543596@N05,00:39.0,15.442206,73.89092,"FR AGNEL HIGH SCHOOL, 403203, NEURA, GOA, INDIA"
3619022242,9720378@N06,00:38.0,12.305475,76.657576,"PALACE ROAD, 570001, MYSURU, MYSURU DIVISION, INDIA"
3787439309,22098403@N00,09:24.0,12.310234,76.650581,"EVENING BAZAAR, SHIVARAMPET, DEVARAJA MOHALLA, SHIVARAMPET,, 570001, SHIVARAMPET, DEVARAJA MOHALLA, SHIVARAMPET,, MYSURU, KARNATAKA, INDIA"
4025369614,14269353@N00,27:55.0,27.577061,77.695282,"VRINDAVAN, MATHURA ROAD, 281121, MATHURA ROAD, VRINDAVAN, UTTAR PRADESH, INDIA"
4041912557,68222897@N00,15:01.0,31.102916,77.183211,"JAKHOO TEMPLE, RIDGE SANJAULI ROAD, 171006, RIDGE SANJAULI ROAD, SHIMLA, HIMACHAL PRADESH, INDIA"
4090057698,15237218@N00,42:34.0,28.595054,77.170854,"TAJ PALACE HOTEL, ABAI MARG, 110021, ABAI MARG, NEW DELHI, DELHI, INDIA"
4228465968,60955494@N00,35:22.0,30.118774,78.303165,"AERAN DENTAL CARE, 21, TILAK ROAD, RISHIKESH, 249304, 21, TILAK ROAD, RISHIKESH, UTTARAKHAND, INDIA"
4280430897,46643494@N06,24:38.0,18.942497,72.83575,"CSMT, CSMT, 400038, CSMT, MUMBAI, MAHARASHTRA, INDIA"
4288773335,64087373@N00,10:33.0,27.182501,77.503738,"FOREST RESTHOUSE, JATOLI ROAD, 321001, JATOLI ROAD, BHARATPUR, RAJASTHAN, INDIA"
4304675163,68117180@N00,15:03.0,27.177719,78.0093,"30, INDIA"
4336586899,38458469@N02,51:10.0,26.91411,70.911598,"SBI, CHAINPURA STREET, 345001, CHAINPURA STREET, JAISALMER, RAJASTHAN, INDIA"
4343399744,44124286026@N01,14:53.0,19.01,72.839999,"SMT. KAMLA MEHTA BLIND SCHOOL, DADASAHEB PHALKE MARG, 400014, DADASAHEB PHALKE MARG, MUMBAI, MAHARASTRA, INDIA"
4368297214,33037982@N04,12:37.0,15.515742,73.770237,"T.O.G CANDOLIM, SEQUIERA VADDO, 403515, SEQUIERA VADDO, CANDOLIM, GOA, INDIA"
4450862330,31902638@N06,36:12.0,27.175027,78.041628,"TAJ MAHAL, TAJ EAST GATE ROAD, 282006, TAJ EAST GATE ROAD, AGRA, UTTAR PRADESH, INDIA"
4517461834,60955494@N00,59:07.0,25.33813,82.994842,"PRACHIN SHRI CHAURA MATA MANDIR, MAKBUL ALAN ROAD, 221002, MAKBUL ALAN ROAD, VARANASI, UTTAR PRADESH, INDIA"
4528376856,60955494@N00,39:02.0,14.546034,74.323196,"BEST THALI RESTAURANT, 581326, GOKARNA, KARNATAKA, INDIA"
4669250850,66729335@N00,32:54.0,18.539024,73.912754,"HARD ROCK CAFE, KOREGAON PARK ANNEXE MUNDHWA ROAD, 411036, KOREGAON PARK ANNEXE MUNDHWA ROAD, PUNE, MAHARASHTRA, INDIA"
4751280038,51650029@N03,02:41.0,21.538559,70.46133,"DR. DHOKARIA HOSPITAL, 362001, JUNAGADH, GUJARAT, INDIA"
4791475461,53739619@N00,27:56.0,34.198173,77.494812,"HIDDEN NORTH, 194101, PHYANG, LADAKH, INDIA"
4799588492,22214542@N00,37:32.0,18.988704,73.270804,"UNION BANK OF INDIA, 8, M. G. ROAD,BAZAR PLOT, 410102, M. G. ROAD,BAZAR PLOT, MATHERAN, MAHARASHTRA, INDIA"
5032847562,7729354@N08,22:33.0,28.621822,77.38306,"SECTOR 63, 201309, NOIDA, UTTAR PRADESH, INDIA"
5137676729,12123300@N04,19:56.0,26.89375,88.176527,"MILESTONE, MIRIK ROAD, 734214, MIRIK ROAD, MIRIK, WEST BENGAL, INDIA"
5208616373,41849930@N08,33:29.0,14.419634,74.412546,"581343, KUMTA, KARNATAKA, INDIA"
5270481971,43334562@N00,36:20.0,26.268772,73.038389,"PARK PLAZA, PAANCH BATTI, 342011, PAANCH BATTI, JODHPUR, RAJASTHAN, INDIA"
5349487803,90338469@N00,00:17.0,27.086696,77.66467,"FATEHPUR SIKRI, 283110, UTTAR PRADESH, INDIA"
5385309453,48587703@N00,13:05.0,22.975726,72.650184,"AHMADABAD VADODARA EXPRESSWAY, 382445, GUJARAT, INDIA"
5462323373,84148435@N00,13:11.0,23.034599,72.601402,"NARODA ROAD, 380021, GUJARAT, INDIA"
5648464223,37850683@N04,55:59.0,28.509502,77.261202,"GHIYAS-UD-DIN TUGHLAQ'S TOMB, CAUSEWAY TO GHIYAS-UD-DIN TUGHLAQ'S TOMB, 110080, CAUSEWAY TO GHIYAS-UD-DIN TUGHLAQ'S TOMB, DELHI, INDIA"
5734132615,34010070@N04,47:37.0,28.632614,77.219123,"FOOD ON THE GO, CONNAUGHT PLACE, 110001, CONNAUGHT PLACE, NEW DELHI, DELHI, INDIA"
5737579055,34010070@N04,14:19.0,25.320345,83.022522,"JAISWAL HOUSE, MOHALLA BHUTAHI IMALI, KOTWALI, 221001, MOHALLA BHUTAHI IMALI, KOTWALI, VARANASI, UTTAR PRADESH, INDIA"
5739236798,37850683@N04,52:56.0,28.520853,77.1861,"MEHRAULI ARCHEOLOGICAL PARK PATH, 110030, DELHI, INDIA"
5741705063,37850683@N04,00:52.0,28.558327,77.19405,"CHAUDHARY HARSUKH MARG, 110066, DELHI, INDIA"
5838276545,45524939@N00,09:01.0,12.415977,76.57638,"KRISHNARAJA SAGARA ROAD, 571606, KRISHNARAJASAGARA, KARNATAKA, INDIA"
5845658900,7956695@N03,08:20.0,11.675436,76.629638,"GUNDLUPET-GUDALLUR-COIMBATORE RD, 571126, KARNATAKA, INDIA"
5870392743,70522775@N00,20:43.0,22.600461,88.361427,"SILPI NITAI PAUL LN, 700005, KOLKATA, WEST BENGAL, INDIA"
5879461403,40584328@N00,33:37.0,12.980743,77.624995,"AAVISHKAR ACADEMY, SATHYANARAYANA TEMPLE STREET, 560042, SATHYANARAYANA TEMPLE STREET, BENGALURU, BENGALURU DIVISION, INDIA"
6226762839,85855348@N00,27:20.0,26.829811,75.774338,"ABHI CLINIC, NH11, 302020, NH11, RAJASTHAN, INDIA"
6237307189,57204181@N08,45:03.0,21.443482,87.007942,"DRDO INTEGRATED TEST RANGE, PRAKASH NAGAR, CHANDIPUR, 756021, PRAKASH NAGAR, CHANDIPUR, BALASORE, ODISHA, ODISHA, INDIA"
6286131837,37850683@N04,34:33.0,28.338985,79.430465,"AKSHAR VIHAR, 243001, INDIA"
6352111550,27326713@N02,57:47.0,28.65613,77.243574,"KHAS MAHAL, MAHATMA GANDHI MARG, 110006, MAHATMA GANDHI MARG, DELHI, INDIA"
6362166797,67769030@N07,45:09.0,18.94,72.8353,"CHHATRAPATI SHIVAJI MAHARAJ TERMINUS - CSMT, CSMT, 400038, CSMT, MUMBAI, MAHARASHTRA, INDIA"
6412417545,29436924@N00,16:39.0,19.126107,72.82052,"VERSOVA SOCIAL, JAYAPRAKASH NARAYAN ROAD, 400061, JAYAPRAKASH NARAYAN ROAD, MUMBAI, MAHARASHTRA, INDIA"
6487905189,35962551@N07,23:50.0,12.951661,77.522758,"13TH CROSS ROAD, 560072, BENGALURU, BENGALURU DIVISION, INDIA"
6800394160,14214150@N02,13:11.0,20.290537,85.825881,"NICCO PARK, JAYDEV VIHAR, 751001, JAYDEV VIHAR, BHUBANESWAR, ODISHA, INDIA"
6811779395,56017663@N03,11:08.0,13.719874,80.112476,"SRIHARIKOTA ROAD, 600032, ATAKANITIPPA, ANDHRA PRADESH, INDIA"
6976254611,26263283@N00,12:49.0,12.957731,77.649081,"CANARA BANK, PEOPLE TREE HOSPITALS, METRO STOP, 2, TUMKUR RD, NEXT TO, GORAGUNTEPALYA, YESWANTHPUR, 560071, PEOPLE TREE HOSPITALS, METRO STOP, 2, TUMKUR RD, NEXT TO, GORAGUNTEPALYA, YESWANTHPUR, KARNATAKA, INDIA"
6993580632,65326158@N00,24:27.0,25.53365,82.061186,"IFFCO HOSPITAL, 212404, UTTAR PRADESH, INDIA"
7578937078,61784959@N00,55:08.0,25.306825,83.01027,"PRAYAG GHAT, BANGALI TOLA, 221001, BANGALI TOLA, VARANASI, UTTAR PRADESH, INDIA"
8446977570,36859875@N00,11:30.0,9.449,77.5565,"ASHOK TALKIES ROAD, 626117, RAJAPALAYAM, TAMIL NADU, INDIA"
8450985006,26621269@N00,55:37.0,34.243883,77.628841,"J&K POLICE CHECK-POST@ SOUTH PULU, LEH KHARDUNG LA ROAD, LEH KHARDUNG LA ROAD, LEH, LADAKH, INDIA"
8474545803,37313707@N00,32:19.0,22.260577,84.884447,"32 PEARLS DENTAL CLINIC AND ADVANCE IMPLANT CENTRE, SECTOR-20, 769014, SECTOR-20, ODHISA, INDIA"
8509701676,66146036@N00,50:16.0,27.177922,78.023675,"THE SHAHJAHANI MAHALIA (1628-35), 282004, AGRA, UTTAR PRADESH, INDIA"
8587253092,63211764@N00,09:20.0,12.910155,77.651877,"1665, 1ST FLOOR, 27TH MAIN RD, ABOVE BASKIN & ROBINS, SECTOR 2, HSR LAYOUT, 560068, 1ST FLOOR, 27TH MAIN RD, ABOVE BASKIN & ROBINS, SECTOR 2, HSR LAYOUT, BENGALURU DIVISION, INDIA"
8695195869,26791332@N02,12:36.0,26.17468,91.744613,"BORSOLA BEEL, INDIA"
8757212210,67977633@N08,28:58.0,21.861498,84.017601,"JYOTI HOMEO CLINIC, MAIN MARKET ROAD, 768202, MAIN MARKET ROAD, JHARSUGUDA, ODHISA, INDIA"
9179775044,8250978@N04,21:50.0,27.174641,78.041847,"TAJ MAHAL, TAJ EAST GATE ROAD, 282006, TAJ EAST GATE ROAD, AGRA, UTTAR PRADESH, INDIA"
9216658033,17046628@N08,38:35.0,19.133666,72.901166,"RENAISSANCE MUMBAI CONVENTION CENTRE HOTEL, HOSTEL 18 ROAD, 400087, HOSTEL 18 ROAD, MUMBAI, MAHARASHTRA, INDIA"
9609951148,97490011@N06,25:32.0,28.641284,77.224903,"VIVEKANAND MARG, 110006, DELHI, INDIA"
10161547174,57673737@N00,13:17.0,26.487055,74.561052,"PANCH KUND ROAD, 302055, PANCH KUND ROAD, PUSHKAR, RAJASTHAN, INDIA"
11683590413,9808711@N04,25:56.0,18.969416,72.931236,"PATH TO CAVES, 400007, PATH TO CAVES, INDIA"
11965243346,92455828@N00,51:56.0,15.174338,73.941105,"WIN-WIN'S LEISURE PLACE BEACH SHACK, ORLIM ROAD, 403731, ORLIM ROAD, CAVELOSSIM, GOA, INDIA"
12130413694,50378660@N00,12:55.0,18.926422,72.839012,"MUMBAI NAVAL BASE AND DOCKYARD, CHHATRAPATI SHIVAJI MAHARAJ MARG, 400023, CHHATRAPATI SHIVAJI MAHARAJ MARG, MUMBAI, MAHARASHTRA, INDIA"
12159028796,10297667@N06,27:45.0,22.562802,88.350011,"ESPLANADE, DUFFERIN ROAD, 700001, DUFFERIN ROAD, KOLKATA, WEST BENGAL, INDIA"
12231197975,29780116@N03,19:50.0,28.607156,77.205982,"KUMARASWAMI KAMARAJ MARG, 110011, NEW DELHI, DELHI, INDIA"
12611845805,17754816@N00,52:20.0,26.926263,75.823875,"CITY PALACE, TRIPOLIA BAZAAR, 302001, TRIPOLIA BAZAAR, JAIPUR MUNICIPAL CORPORATION, RAJASTHAN, INDIA"
12949897774,27526538@N07,55:00.0,13.055357,77.622141,"F22, 560005, BENGALURU DIVISION, INDIA"
15058627,45349229@N00,07:54.0,26.170383,91.712493,"BHUBANESWARI TEMPLE, PANDU KAMAKHYA ROAD, 781010, PANDU KAMAKHYA ROAD, MALIGAON, ASSAM, INDIA"
89154627,40494725@N00,18:09.0,25.310666,83.011579,"KASHI VISHWANATH DHAM, MEER GHAT, 221001, MEER GHAT, VARANASI, UTTAR PRADESH, INDIA"
305154158,57155801@N00,50:28.0,13.013542,77.567596,"TATA INSTITUTE, DR. CV RAMAN ROAD, 560012, DR. CV RAMAN ROAD, BENGALURU, BENGALURU DIVISION, INDIA"
345551030,68222897@N00,51:29.0,19.003747,72.813836,"VASTU, DR. R. G. THADANI MARG, 400018, DR. R. G. THADANI MARG, MUMBAI, MAHARASHTRA, INDIA"
430215179,21063397@N00,18:28.0,28.974506,77.663383,"GALI NO. 11, 250005, MEERUT, UTTAR PRADESH, INDIA"
482356145,91314344@N00,06:37.0,19.122904,72.872035,"CROSS ROAD C, 400096, MUMBAI, MAHARASHTRA, INDIA"
501848123,24711978@N00,12:58.0,19.896534,75.331878,"GOVERNMENT ARTS COLLEGE., KELYERK, 431002, KELYERK, AURANGABAD, MAHARASTRA, INDIA"
565697475,89044848@N00,37:39.0,26.92381,75.825887,"ROOP LAKSHMI, TRIPOLIA BAZAAR, 302001, TRIPOLIA BAZAAR, JAIPUR, RAJASTHAN, INDIA"
617153395,89044848@N00,10:54.0,27.174846,78.042969,"JAWAB, TAJ EAST GATE ROAD, 282006, TAJ EAST GATE ROAD, AGRA, UTTAR PRADESH, INDIA"
617173255,89044848@N00,13:14.0,27.174846,78.042969,"JAWAB, TAJ EAST GATE ROAD, 282006, TAJ EAST GATE ROAD, AGRA, UTTAR PRADESH, INDIA"
702108816,20314629@N00,25:43.0,10.332651,76.23928,"CHIRAMEL COMPLEX, AVITATHOOR, 680672, AVITATHOOR, IRINJALAKUDA, KERALA, INDIA"
756888255,9895374@N08,52:30.0,15.340529,76.456689,"VIRUPAPURA GADDE, 583239, HAMPE, KARNATAKA, INDIA"
1100024048,87983375@N00,10:09.0,12.970685,77.560901,"BINNIPETE WARD, BENGALURU, BENGALURU DIVISION, INDIA"
1629163360,12047351@N04,49:26.0,16.828819,75.725111,"PWD OFFICE, STATION ROAD, 586101, STATION ROAD, VIJAYAPURA, KARNATAKA, INDIA"
2070407821,19261460@N00,59:10.0,28.613855,77.211399,"KARTAVYA PATH, 110004, NEW DELHI, DELHI, INDIA"
2075910496,81409920@N00,57:29.0,11.422064,76.69444,"TUDOR HALL, TAMILAGAM ROAD, 643001, TAMILAGAM ROAD, UDHAGAMANDALAM, TAMIL NADU, INDIA"
2120229024,63709829@N00,44:46.0,26.912805,70.912472,"JAISALMER FORT, KOTRI PARA, 345001, KOTRI PARA, JAISALMER, RAJASTHAN, INDIA"
2148747326,53493424@N00,00:09.0,28.553352,77.258638,"LOTUS BAHAI TEMPLE, LOTUS TEMPLE ROAD, 110019, LOTUS TEMPLE ROAD, DELHI, INDIA"
2157415027,8616953@N04,05:05.0,15.578726,73.738517,"UV BAR, ANJUNA CLIFF (OLD PARADISO), 403509, ANJUNA CLIFF (OLD PARADISO), ANJUNA, GOA, INDIA"
2158510442,8616953@N04,24:56.0,15.578726,73.738517,"UV BAR, ANJUNA CLIFF (OLD PARADISO), 403509, ANJUNA CLIFF (OLD PARADISO), ANJUNA, GOA, INDIA"
2228424749,7903649@N07,18:54.0,19.121084,72.813606,"JUHU BEACH, INDIA"
2682015636,30043507@N00,56:24.0,30.71557,76.828422,"MODERN HOSING COMPLEX AND DUPLEX, 160101, CHANDIGARH, INDIA"
2764757856,39438001@N00,26:21.0,31.621403,74.879068,"NEELAM'S, GOLDEN TEMPLE ROAD, 143001, GOLDEN TEMPLE ROAD, AMRITSAR, PUNJAB, PUNJAB, INDIA"
2892599778,98245622@N00,45:55.0,24.570913,73.684701,"LAKE PALACE RECEPTION AREA, SHITLA MARG, 313001, SHITLA MARG, UDAIPUR, RAJASTHAN, INDIA"
2961425073,27380603@N04,07:16.0,31.620241,74.876568,"SRI HARMANDIR SAHIB ਹਰਿਮੰਦਰ ਸਾਹਿਬ (GOLDEN TEMPLE), GOLDEN TEMPLE RD, ATTA MANDI, KATRA AHLUWALIA, AMRITSAR, PUNJAB 143006, 143006, GOLDEN TEMPLE RD, ATTA MANDI, KATRA AHLUWALIA, AMRITSAR, PUNJAB 143006, AMRITSAR, PUNJAB, INDIA"
3222520879,89044848@N00,14:06.0,13.75956,78.008422,"KURUPALLI, 563124, KARNATAKA, INDIA"
3249767229,48889048097@N01,19:02.0,13.044132,80.269514,"VM STREET, DR RADHAKRISHNAN SALAI, 600001, DR RADHAKRISHNAN SALAI, CHENNAI, TAMIL NADU, INDIA"
3270926423,7729354@N08,55:08.0,28.621822,77.38306,"SECTOR 63, 201309, NOIDA, UTTAR PRADESH, INDIA"
3275261381,80201798@N00,16:33.0,26.967212,75.841712,"NAHARGARH ROAD, 302036, RAJASTHAN, INDIA"
3390886417,11124467@N02,43:05.0,25.125266,82.61248,"231001, MIRZAPUR, UTTAR PRADESH, INDIA"
3405142073,11124467@N02,55:45.0,34.412205,76.292211,"WAKHA RONG, INDIA"
3678211109,21375717@N00,08:26.0,31.296666,75.590744,"THE3RDSPACE, MANN NAGAR MARKET, 144001, MANN NAGAR MARKET, JALANDHAR, PUNJAB, INDIA"
3716483056,22098403@N00,04:44.0,27.186547,77.996578,"BALKA BASTI, 282002, AGRA, UTTAR PRADESH, INDIA"
3782740284,40963226@N05,29:03.0,25.303372,83.010292,"CHOUSATTI GHAT, PANDEYGHAT, 221001, PANDEYGHAT, VARANASI, UTTAR PRADESH, INDIA"
3783556539,28633062@N03,41:41.0,15.562128,73.746553,"CLIFF'S BEACH SHACK, SAUTAVADDO, 403518, SAUTAVADDO, GOA, GOA, INDIA"
3875924418,39790692@N05,59:31.0,19.307417,72.790946,"DHARAVI FORT, UTTAN ROAD, 401106, UTTAN ROAD, MIRA-BHAYANDER, MAHARASHTRA, INDIA"
4031872858,60955494@N00,51:41.0,27.183799,77.994453,"ASHOK NAGAR, 282010, AGRA, UTTAR PRADESH, INDIA"
4036586278,36976184@N02,23:58.0,25.148212,73.581428,"TICKETS KUMBHALGARH FORT, POST- KELWARA, RAJASTHAN, INDIA"
4086328652,7946624@N03,14:39.0,9.931314,76.29737,"THE WESTFACE COCHIN: GRANDE WESTFACE, MANATTU LANE, 682013, MANATTU LANE, ERNAKULAM, KERALA, INDIA"
4350449129,11554355@N00,08:21.0,12.948536,77.58938,"KEMPEGOWDA TOWER, 650027, BENGALURU, BENGALURU DIVISION, INDIA"
4370734280,33037982@N04,44:56.0,15.509389,73.764653,"SUDHA'S SHACK, CASABLANCA RESORT LFNE, 403516, CASABLANCA RESORT LFNE, CANDOLIM, GOA, INDIA"
4435084717,38458469@N02,39:34.0,29.933217,78.13631,"DR MEHRAS NURSING HOME AND HOSPITAL, HARIDWAR MAIN ROAD, 249401, HARIDWAR MAIN ROAD, HARIDWĀR, UTTARAKHAND, INDIA"
4510819206,60955494@N00,54:01.0,25.33813,82.994842,"PRACHIN SHRI CHAURA MATA MANDIR, MAKBUL ALAN ROAD, 221002, MAKBUL ALAN ROAD, VARANASI, UTTAR PRADESH, INDIA"
4571797464,25588248@N00,56:15.0,26.295166,73.024666,"CAFÉ ROYALE, 342002, JODHPUR, RAJASTHAN, INDIA"
4614990030,25095063@N04,24:29.0,28.532,77.249191,"KUMAR MANGALAM SCHOOL, ROAD NO. 1, 110019, ROAD NO. 1, DELHI, INDIA"
4662848974,9720378@N06,47:42.0,18.326947,72.962265,"BHOGESHWAR MANDIR ROAD, 402400, MURUD, MAHARASHTRA, INDIA"
4710813872,31902638@N06,56:59.0,18.560567,73.82673,"NATIONAL CENTRE FOR RADIO ASTROPHYSICS, BREMAN CHOWK - KHADKI BAZAR ROAD, 411007, BREMAN CHOWK - KHADKI BAZAR ROAD, PUNE, MAHARASHTRA, INDIA"
4714219315,88426469@N00,54:57.0,24.439804,73.646335,"313801, RAMNI GHATI, RAJASTHAN, INDIA"
4830276024,25095063@N04,23:29.0,28.524477,77.185183,"QUTB MINAR, QUTUB MINAR COMPLEX RD, SETH SARAI, MEHRAULI, NEW DELHI, 110030, QUTUB MINAR COMPLEX RD, SETH SARAI, MEHRAULI, NEW DELHI, DELHI, INDIA"
5114802614,55104877@N00,50:09.0,13.093512,80.20042,"2ND STREET, 600001, CHENNAI, TAMIL NADU, INDIA"
5238311906,43334562@N00,58:34.0,28.590273,77.242013,"THE HOPE PROJECT, LALA LAJPAT RAI PATH, 110013, LALA LAJPAT RAI PATH, DELHI, INDIA"
5276876542,56050743@N02,22:43.0,17.434936,78.340125,"ISB RING ROAD, 500032, TELANGANA, INDIA"
5286342214,43334562@N00,31:23.0,26.303495,73.025178,"JASWANT THADA, WAY TO RAO JODHPUR ROCK DESERT PARK, 342003, WAY TO RAO JODHPUR ROCK DESERT PARK, JODHPUR, RAJASTHAN, INDIA"
5287598414,37850683@N04,09:14.0,19.024106,72.832746,"S K S MARG, 400028, MUMBAI, MAHARASHTRA, INDIA"
5385557410,48587703@N00,15:47.0,22.554296,72.927289,"388001, ANAND, GUJARAT, INDIA"
5432573897,27788004@N02,47:18.0,18.921992,72.834634,"GATEWAY OF INDIA - गेटवे ऑफ इंडिया, GATEWAY OF INDIA, 400023, GATEWAY OF INDIA, MUMBAI, MAHARASHTRA, INDIA"
5530637967,10132214@N02,30:46.0,19.049056,72.822847,"NEELAM, MOUNT MARY ROAD, 400050, MOUNT MARY ROAD, MUMBAI, MAHARASHTRA, INDIA"
5584180139,48837987@N03,06:48.0,13.647321,79.401969,"TOLL GATE, SECOND GHAT ROAD (TIRUPATI TIRUMALA UP ROAD), 517500, SECOND GHAT ROAD (TIRUPATI TIRUMALA UP ROAD), TIRUPATI, ANDHRA PRADESH, INDIA"
6028506436,17155762@N00,26:41.0,28.625853,77.22467,"FREE ENTRANCE, TOLSTOY MARG, 110001, TOLSTOY MARG, NEW DELHI, DELHI, INDIA"
6462497985,58608377@N00,34:38.0,28.660918,77.238435,"SHYAMA PRASAD MUKHERJI MARG, 110006, DELHI, INDIA"
6476384755,59275783@N04,44:08.0,25.310045,83.015441,"KAUCHARI GALI, 221001, KAUCHARI GALI, VARANASI, UTTAR PRADESH, INDIA"
6722521679,39507698@N05,50:08.0,30.955971,79.046768,"SPERMWALE VIEWPOINT, UTTARAKHAND, INDIA"
6881057069,80209127@N00,10:58.0,10.053292,77.052534,"RESIDENTIAL ROAD, 685565, PALLIVASAL, KERALA, INDIA"
7380979282,53628484@N00,05:34.0,12.690166,77.238666,"NANDINI, BANGALORE-MYSORE ROAD, 571511, BANGALORE-MYSORE ROAD, RAMANAGARA, KARNATAKA, INDIA"
7431240196,23303789@N05,50:52.0,26.927525,75.809113,"CHANDPOL BAZAAR, 302006, JAIPUR MUNICIPAL CORPORATION, RAJASTHAN, INDIA"
7534168814,8796403@N06,00:00.0,19.01,72.839996,"SMT. KAMLA MEHTA BLIND SCHOOL, DADASAHEB PHALKE MARG, 400014, DADASAHEB PHALKE MARG, MUMBAI, MAHARASTRA, INDIA"
7571799046,61784959@N00,58:32.0,27.173414,78.041725,"TAJ MAHAL MUGHAL GARDEN, TAJ EAST GATE ROAD, 282006, TAJ EAST GATE ROAD, AGRA, UTTAR PRADESH, INDIA"
7763043984,46761272@N03,44:59.0,25.289219,83.006061,"ASSI GHAT ROAD, 222005, ASSI GHAT ROAD, VARANASI, UTTAR PRADESH, INDIA"
8229718503,46273880@N00,49:27.0,17.361819,78.474555,"CHARMINAR CIRCLE, 500002, HYDERABAD, TELANGANA, INDIA"
8240973848,41413935@N00,11:34.0,27.472086,77.324309,"GOPAL BHAVAN, 321203, MADHERA, RAJASTHAN, INDIA"
8245567203,29382029@N03,27:10.0,9.9569,76.2528,"N. M. SARASWATHI BHAI ROAD, 682002, KOCHI, KERALA, INDIA"
8390467008,54717162@N00,05:49.0,15.49873,73.829377,"OUR LADY OF THE IMMACULATE CONCEPTION, RUA EMÍDIO GARCIA, 403001, RUA EMÍDIO GARCIA, PANAJI, GOA, INDIA"
8440942762,72746018@N00,15:50.0,27.995636,74.961361,"FATEHPUR SHEKHAWATI, 332300, RAJASTHAN, INDIA"
8471735457,8796403@N06,38:29.0,25.430134,81.883335,"AKBAR FORT, 211001, AKBAR FORT, PRAYAGRAJ, UTTAR PRADESH, INDIA"
9627902672,62023729@N00,25:32.0,19.129672,72.851127,"ROAD NUMBER 4, 400060, MUMBAI, MAHARASHTRA, INDIA"
9924421926,8250978@N04,29:12.0,25.152752,73.5894,"KUMBHALGARH FORT, POST- KELWARA, RAJASTHAN, INDIA"
10150116833,57673737@N00,08:52.0,25.012433,85.051766,"BARABAR PAHAR, BIHAR, INDIA"
10166432666,7956695@N03,14:33.0,12.978934,77.727702,"8TH ROAD, 560066, BENGALURU DIVISION, INDIA"
10382730414,56495646@N00,49:52.0,22.509972,88.367377,"ELECTRIC VEHICLE CHARGING STATION 20KW &7KW, DHAKURIA BRIDGE, 700031, DHAKURIA BRIDGE, KOLKATA, WEST BENGAL, INDIA"
10938737706,75455383@N00,43:02.0,13.116,79.420333,"EAST BAZAR STREET, 631102, SHOLINGHUR, TAMIL NADU, INDIA"
11860789565,75546495@N03,26:37.0,27.051401,88.258591,"GOLDEN TIPS, LEBONG CART ROAD, 734104, LEBONG CART ROAD, SINGAMARI, WEST BENGAL, INDIA"
12013550915,8734876@N07,15:11.0,11.929852,79.834975,"JEANNE D'ARC, RUE DUMAS, 605001, RUE DUMAS, PONDICHERRY, PUDUCHERRY, INDIA"
12070558835,113353244@N05,57:59.0,12.308557,76.652555,"WHISKEY BAR, D. DEVARAJA URS ROAD, 570001, D. DEVARAJA URS ROAD, MYSURU, MYSURU DIVISION, INDIA"
12175650773,69754706@N02,14:15.0,24.580788,73.681455,"OLD JHEEL´S GUESTHOUSE, GADIYA DEVRA MARG, 313001, GADIYA DEVRA MARG, UDAIPUR, RJ, INDIA"
1400284475,47565600@N00,22:24.0,15.383349,73.837051,"ICICI BANK ATM, AIRPORT ROAD, 403802, AIRPORT ROAD, DABOLIM, GOA, INDIA"
4631626296,88426469@N00,11:27.0,12.970168,77.593216,"SREE KANTEERAVA OUTDOOR STADIUM, VITTAL MALLYA ROAD, 560001, VITTAL MALLYA ROAD, BENGALURU, KARNATAKA, INDIA"
5366537314,48587703@N00,50:38.0,22.564561,72.92407,"NISHKA ENT & HEAD AND NECK SURGEON, BAKROL ROAD, 388120, BAKROL ROAD, ANAND, GUJARAT, INDIA"
5427347089,61009686@N00,53:42.0,33.64967,76.996574,"ZANGLA PALACE, ZANGLA, LADAKH, INDIA"
6491947069,59151633@N00,39:16.0,28.656432,77.2322,"BAHI MATI DASS MUSEUM, H.C. SEN MARG, 110006, H.C. SEN MARG, DELHI, INDIA"
9394331636,86292040@N00,19:59.0,19.056166,72.839833,"GURUNANAK MARG (TURNER ROAD), 400050, MUMBAI, MAHARASHTRA, INDIA"
1400284475,47565600@N00,22:24.0,15.383349,73.837051,"ICICI BANK ATM, AIRPORT ROAD, 403802, AIRPORT ROAD, DABOLIM, GOA, INDIA"
4631626296,88426469@N00,11:27.0,12.970168,77.593216,"SREE KANTEERAVA OUTDOOR STADIUM, VITTAL MALLYA ROAD, 560001, VITTAL MALLYA ROAD, BENGALURU, KARNATAKA, INDIA"
5366537314,48587703@N00,50:38.0,22.564561,72.92407,"NISHKA ENT & HEAD AND NECK SURGEON, BAKROL ROAD, 388120, BAKROL ROAD, ANAND, GUJARAT, INDIA"
5427347089,61009686@N00,53:42.0,33.64967,76.996574,"ZANGLA PALACE, ZANGLA, LADAKH, INDIA"
6491947069,59151633@N00,39:16.0,28.656432,77.2322,"BAHI MATI DASS MUSEUM, H.C. SEN MARG, 110006, H.C. SEN MARG, DELHI, INDIA"
9394331636,86292040@N00,19:59.0,19.056166,72.839833,"GURUNANAK MARG (TURNER ROAD), 400050, MUMBAI, MAHARASHTRA, INDIA"
610492243,89044848@N00,31:15.0,25.350483,78.647539,"RAMJI MAHAL, MAIN ROAD NEAR RIVER, 472246, MAIN ROAD NEAR RIVER, ORCHHA, MADHYA PRADESH, INDIA"
1803683531,78988474@N00,03:05.0,27.187921,78.011169,"SINDHI MARKET, CHURCH ROAD, 282003, CHURCH ROAD, AGRA, UTTAR PRADESH, INDIA"
4699642199,25252126@N08,03:02.0,10.824538,78.696956,"CHITTRAMBALAM DENTAL CLINIC, THERADY BAZAAR, 620002, THERADY BAZAAR, TIRUCHIRAPPALLI, TAMIL NADU, INDIA"
5382186560,48587703@N00,00:07.0,22.487181,73.532352,"MANDVUOR CUSTOM HOUSE, 389360, GUJARAT, INDIA"
5648544043,37850683@N04,06:22.0,28.509502,77.261202,"GHIYAS-UD-DIN TUGHLAQ'S TOMB, CAUSEWAY TO GHIYAS-UD-DIN TUGHLAQ'S TOMB, 110080, CAUSEWAY TO GHIYAS-UD-DIN TUGHLAQ'S TOMB, DELHI, INDIA"
6221098681,85855348@N00,21:20.0,26.927786,75.787952,"SHAHPURA HOUSE, DEVI MARG, 302006, DEVI MARG, JAIPUR, RAJASTHAN, INDIA"
6339640073,29860153@N03,12:35.0,12.44202,75.248329,"NEELAMKAYAM VCB, 671532, INDIA"
1400284475,47565600@N00,22:24.0,15.383349,73.837051,"ICICI BANK ATM, AIRPORT ROAD, 403802, AIRPORT ROAD, DABOLIM, GOA, INDIA"
4631626296,88426469@N00,11:27.0,12.970168,77.593216,"SREE KANTEERAVA OUTDOOR STADIUM, VITTAL MALLYA ROAD, 560001, VITTAL MALLYA ROAD, BENGALURU, KARNATAKA, INDIA"
5366537314,48587703@N00,50:38.0,22.564561,72.92407,"NISHKA ENT & HEAD AND NECK SURGEON, BAKROL ROAD, 388120, BAKROL ROAD, ANAND, GUJARAT, INDIA"
5427347089,61009686@N00,53:42.0,33.64967,76.996574,"ZANGLA PALACE, ZANGLA, LADAKH, INDIA"
6491947069,59151633@N00,39:16.0,28.656432,77.2322,"BAHI MATI DASS MUSEUM, H.C. SEN MARG, 110006, H.C. SEN MARG, DELHI, INDIA"
9394331636,86292040@N00,19:59.0,19.056166,72.839833,"GURUNANAK MARG (TURNER ROAD), 400050, MUMBAI, MAHARASHTRA, INDIA"
610492243,89044848@N00,31:15.0,25.350483,78.647539,"RAMJI MAHAL, MAIN ROAD NEAR RIVER, 472246, MAIN ROAD NEAR RIVER, ORCHHA, MADHYA PRADESH, INDIA"
1803683531,78988474@N00,03:05.0,27.187921,78.011169,"SINDHI MARKET, CHURCH ROAD, 282003, CHURCH ROAD, AGRA, UTTAR PRADESH, INDIA"
4699642199,25252126@N08,03:02.0,10.824538,78.696956,"CHITTRAMBALAM DENTAL CLINIC, THERADY BAZAAR, 620002, THERADY BAZAAR, TIRUCHIRAPPALLI, TAMIL NADU, INDIA"
5382186560,48587703@N00,00:07.0,22.487181,73.532352,"MANDVUOR CUSTOM HOUSE, 389360, GUJARAT, INDIA"
5648544043,37850683@N04,06:22.0,28.509502,77.261202,"GHIYAS-UD-DIN TUGHLAQ'S TOMB, CAUSEWAY TO GHIYAS-UD-DIN TUGHLAQ'S TOMB, 110080, CAUSEWAY TO GHIYAS-UD-DIN TUGHLAQ'S TOMB, DELHI, INDIA"
6221098681,85855348@N00,21:20.0,26.927786,75.787952,"SHAHPURA HOUSE, DEVI MARG, 302006, DEVI MARG, JAIPUR, RAJASTHAN, INDIA"
6339640073,29860153@N03,12:35.0,12.44202,75.248329,"NEELAMKAYAM VCB, 671532, INDIA"
123827847,48889048097@N01,56:46.0,10.935124,79.278373,"THANJAVUR-KUMBAKONAM ROAD, 614200, PAPANASAM, TAMIL NADU, INDIA"
600499702,89044848@N00,03:48.0,12.308053,76.653885,"MYSORE CITY BUS STAND, SAYYAJI RAO ROAD, 570001, SAYYAJI RAO ROAD, MYSORE, MYSURU DIVISION, INDIA"
2320474575,42389268@N00,14:15.0,15.313492,74.302597,"DUDHSAGAR, DUDHSAGAR WATERFALL WALKING TOUR, DUDHSAGAR WATERFALL WALKING TOUR, COLLEM, GOA, INDIA"
3353583287,21874540@N00,08:20.0,27.086493,77.664499,"FATEHPUR SIKRI, 283110, UTTAR PRADESH, INDIA"
7578680758,61784959@N00,50:39.0,27.181432,78.021426,"MOTI MASJID, MINAR BAZAAR, 282003, MINAR BAZAAR, AGRA, UTTAR PRADESH, INDIA"
1400284475,47565600@N00,22:24.0,15.383349,73.837051,"ICICI BANK ATM, AIRPORT ROAD, 403802, AIRPORT ROAD, DABOLIM, GOA, INDIA"
4631626296,88426469@N00,11:27.0,12.970168,77.593216,"SREE KANTEERAVA OUTDOOR STADIUM, VITTAL MALLYA ROAD, 560001, VITTAL MALLYA ROAD, BENGALURU, KARNATAKA, INDIA"
5366537314,48587703@N00,50:38.0,22.564561,72.92407,"NISHKA ENT & HEAD AND NECK SURGEON, BAKROL ROAD, 388120, BAKROL ROAD, ANAND, GUJARAT, INDIA"
5427347089,61009686@N00,53:42.0,33.64967,76.996574,"ZANGLA PALACE, ZANGLA, LADAKH, INDIA"
6491947069,59151633@N00,39:16.0,28.656432,77.2322,"BAHI MATI DASS MUSEUM, H.C. SEN MARG, 110006, H.C. SEN MARG, DELHI, INDIA"
9394331636,86292040@N00,19:59.0,19.056166,72.839833,"GURUNANAK MARG (TURNER ROAD), 400050, MUMBAI, MAHARASHTRA, INDIA"
610492243,89044848@N00,31:15.0,25.350483,78.647539,"RAMJI MAHAL, MAIN ROAD NEAR RIVER, 472246, MAIN ROAD NEAR RIVER, ORCHHA, MADHYA PRADESH, INDIA"
1803683531,78988474@N00,03:05.0,27.187921,78.011169,"SINDHI MARKET, CHURCH ROAD, 282003, CHURCH ROAD, AGRA, UTTAR PRADESH, INDIA"
4699642199,25252126@N08,03:02.0,10.824538,78.696956,"CHITTRAMBALAM DENTAL CLINIC, THERADY BAZAAR, 620002, THERADY BAZAAR, TIRUCHIRAPPALLI, TAMIL NADU, INDIA"
5382186560,48587703@N00,00:07.0,22.487181,73.532352,"MANDVUOR CUSTOM HOUSE, 389360, GUJARAT, INDIA"
5648544043,37850683@N04,06:22.0,28.509502,77.261202,"GHIYAS-UD-DIN TUGHLAQ'S TOMB, CAUSEWAY TO GHIYAS-UD-DIN TUGHLAQ'S TOMB, 110080, CAUSEWAY TO GHIYAS-UD-DIN TUGHLAQ'S TOMB, DELHI, INDIA"
6221098681,85855348@N00,21:20.0,26.927786,75.787952,"SHAHPURA HOUSE, DEVI MARG, 302006, DEVI MARG, JAIPUR, RAJASTHAN, INDIA"
6339640073,29860153@N03,12:35.0,12.44202,75.248329,"NEELAMKAYAM VCB, 671532, INDIA"
123827847,48889048097@N01,56:46.0,10.935124,79.278373,"THANJAVUR-KUMBAKONAM ROAD, 614200, PAPANASAM, TAMIL NADU, INDIA"
600499702,89044848@N00,03:48.0,12.308053,76.653885,"MYSORE CITY BUS STAND, SAYYAJI RAO ROAD, 570001, SAYYAJI RAO ROAD, MYSORE, MYSURU DIVISION, INDIA"
2320474575,42389268@N00,14:15.0,15.313492,74.302597,"DUDHSAGAR, DUDHSAGAR WATERFALL WALKING TOUR, DUDHSAGAR WATERFALL WALKING TOUR, COLLEM, GOA, INDIA"
3353583287,21874540@N00,08:20.0,27.086493,77.664499,"FATEHPUR SIKRI, 283110, UTTAR PRADESH, INDIA"
7578680758,61784959@N00,50:39.0,27.181432,78.021426,"MOTI MASJID, MINAR BAZAAR, 282003, MINAR BAZAAR, AGRA, UTTAR PRADESH, INDIA"
358771783,33631483@N00,40:12.0,18.958895,72.817726,"IMPERIAL CINEMA, NAAZ CINEMA COMPOUND, 400004, NAAZ CINEMA COMPOUND, MUMBAI, MAHARASHTRA, INDIA"
1400323947,47565600@N00,48:49.0,15.383349,73.837051,"ICICI BANK ATM, AIRPORT ROAD, 403802, AIRPORT ROAD, DABOLIM, GOA, INDIA"
2466111888,45482539@N00,21:34.0,17.375163,78.472026,"WARD 50 BEGUM BAZAR, TELANGANA, INDIA"
3300065353,9237707@N05,32:15.0,28.50954,77.166112,"COMMUNITY CENTRE PARK, DELHI, INDIA"
5202654046,46293521@N04,05:12.0,26.924729,75.824772,"जंतर मंतर, जयपुर, TRIPOLIA BAZAAR, 302001, TRIPOLIA BAZAAR, JAIPUR, RAJASTHAN, INDIA"
6794553468,73569497@N00,44:56.0,18.933841,72.834433,"N SUKHIA STREET, 400038, MUMBAI, MAHARASHTRA, INDIA"
9609457580,97490011@N06,32:30.0,18.945312,72.829027,"BOMANJI MASTER LN, 400020, MUMBAI, MAHARASHTRA, INDIA"
411168545,34662197@N00,04:33.0,20.2659,85.842361,"GOVT. RAILWAY POLICE STATION, BHUBANESWAR, LANE NUMBER 1, BUDHESWARI COLONY, 751006, LANE NUMBER 1, BUDHESWARI COLONY, BHUBANESWAR, ODHISA, INDIA"
592786481,14391210@N00,55:25.0,18.553152,73.813598,"LANE NO. 4, 411027, LANE NO. 4, PUNE, MAHARASHTRA, INDIA"
2567715300,25654955@N03,40:47.0,28.60144,77.199897,"TEEN MURTI BHAVAN, TEEN MURTI MARG, 110004, TEEN MURTI MARG, NEW DELHI, DELHI, INDIA"
3693148663,30889436@N05,58:47.0,28.015487,73.33418,"TULSI DHARNIA MEMORIAL CANCER HOSPITAL, SADULGANJ, 334003, SADULGANJ, BIKANER, RAJASTHAN, INDIA"
3716387792,22098403@N00,25:21.0,28.643443,77.11647,"RAJOURI GARDEN, DELHI, INDIA"
6393392049,59407447@N06,30:21.0,12.999143,77.701744,"MLR CONVENTION CENTER, 2/E1, DEVASDABDAR NEAR PHOENIX MARKET CITY WHITEFIELD, ITPL MAIN RD, BHADRAPPA LAYOUT, KEB COLONY, INDUSTRIAL AREA, HOODI, 560048, 2/E1, DEVASDABDAR NEAR PHOENIX MARKET CITY WHITEFIELD, ITPL MAIN RD, BHADRAPPA LAYOUT, KEB COLONY, INDUSTRIAL AREA, HOODI, BENGALURU DIVISION, INDIA"
7454337844,84013956@N00,32:34.0,17.424288,78.48673,"MARIOTT, 500080, SECUNDERABAD, TELANGANA, INDIA"
13357228635,37313707@N00,03:05.0,22.260638,84.884519,"32 PEARLS DENTAL CLINIC AND ADVANCE IMPLANT CENTRE, SECTOR-20, 769014, SECTOR-20, ODHISA, INDIA"
411168545,34662197@N00,04:33.0,20.2659,85.842361,"GOVT. RAILWAY POLICE STATION, BHUBANESWAR, LANE NUMBER 1, BUDHESWARI COLONY, 751006, LANE NUMBER 1, BUDHESWARI COLONY, BHUBANESWAR, ODHISA, INDIA"
592786481,14391210@N00,55:25.0,18.553152,73.813598,"LANE NO. 4, 411027, LANE NO. 4, PUNE, MAHARASHTRA, INDIA"
2567715300,25654955@N03,40:47.0,28.60144,77.199897,"TEEN MURTI BHAVAN, TEEN MURTI MARG, 110004, TEEN MURTI MARG, NEW DELHI, DELHI, INDIA"
3693148663,30889436@N05,58:47.0,28.015487,73.33418,"TULSI DHARNIA MEMORIAL CANCER HOSPITAL, SADULGANJ, 334003, SADULGANJ, BIKANER, RAJASTHAN, INDIA"
3716387792,22098403@N00,25:21.0,28.643443,77.11647,"RAJOURI GARDEN, DELHI, INDIA"
6393392049,59407447@N06,30:21.0,12.999143,77.701744,"MLR CONVENTION CENTER, 2/E1, DEVASDABDAR NEAR PHOENIX MARKET CITY WHITEFIELD, ITPL MAIN RD, BHADRAPPA LAYOUT, KEB COLONY, INDUSTRIAL AREA, HOODI, 560048, 2/E1, DEVASDABDAR NEAR PHOENIX MARKET CITY WHITEFIELD, ITPL MAIN RD, BHADRAPPA LAYOUT, KEB COLONY, INDUSTRIAL AREA, HOODI, BENGALURU DIVISION, INDIA"
7454337844,84013956@N00,32:34.0,17.424288,78.48673,"MARIOTT, 500080, SECUNDERABAD, TELANGANA, INDIA"
13357228635,37313707@N00,03:05.0,22.260638,84.884519,"32 PEARLS DENTAL CLINIC AND ADVANCE IMPLANT CENTRE, SECTOR-20, 769014, SECTOR-20, ODHISA, INDIA"
4295217592,60955494@N00,19:49.0,25.31889,83.007545,"TANDON MULTISPECIALITY HOSPITAL AND ISHITA MODERN EYE CARE CENTRE, ST. KABIR ROAD, 221001, ST. KABIR ROAD, VARANASI, UTTAR PRADESH, INDIA"
5017486356,34406101@N05,00:00.0,19.110838,72.829872,"UNION BANK OF INDIA, GURU NANAK ROAD, 400058, GURU NANAK ROAD, MUMBAI, MAHARASHTRA, INDIA"
9655957158,87686038@N07,56:53.0,26.954708,75.842822,"AMER ROAD, 302001, JAIPUR MUNICIPAL CORPORATION, RAJASTHAN, INDIA"
411168545,34662197@N00,04:33.0,20.2659,85.842361,"GOVT. RAILWAY POLICE STATION, BHUBANESWAR, LANE NUMBER 1, BUDHESWARI COLONY, 751006, LANE NUMBER 1, BUDHESWARI COLONY, BHUBANESWAR, ODHISA, INDIA"
592786481,14391210@N00,55:25.0,18.553152,73.813598,"LANE NO. 4, 411027, LANE NO. 4, PUNE, MAHARASHTRA, INDIA"
2567715300,25654955@N03,40:47.0,28.60144,77.199897,"TEEN MURTI BHAVAN, TEEN MURTI MARG, 110004, TEEN MURTI MARG, NEW DELHI, DELHI, INDIA"
3693148663,30889436@N05,58:47.0,28.015487,73.33418,"TULSI DHARNIA MEMORIAL CANCER HOSPITAL, SADULGANJ, 334003, SADULGANJ, BIKANER, RAJASTHAN, INDIA"
3716387792,22098403@N00,25:21.0,28.643443,77.11647,"RAJOURI GARDEN, DELHI, INDIA"
6393392049,59407447@N06,30:21.0,12.999143,77.701744,"MLR CONVENTION CENTER, 2/E1, DEVASDABDAR NEAR PHOENIX MARKET CITY WHITEFIELD, ITPL MAIN RD, BHADRAPPA LAYOUT, KEB COLONY, INDUSTRIAL AREA, HOODI, 560048, 2/E1, DEVASDABDAR NEAR PHOENIX MARKET CITY WHITEFIELD, ITPL MAIN RD, BHADRAPPA LAYOUT, KEB COLONY, INDUSTRIAL AREA, HOODI, BENGALURU DIVISION, INDIA"
7454337844,84013956@N00,32:34.0,17.424288,78.48673,"MARIOTT, 500080, SECUNDERABAD, TELANGANA, INDIA"
13357228635,37313707@N00,03:05.0,22.260638,84.884519,"32 PEARLS DENTAL CLINIC AND ADVANCE IMPLANT CENTRE, SECTOR-20, 769014, SECTOR-20, ODHISA, INDIA"
4295217592,60955494@N00,19:49.0,25.31889,83.007545,"TANDON MULTISPECIALITY HOSPITAL AND ISHITA MODERN EYE CARE CENTRE, ST. KABIR ROAD, 221001, ST. KABIR ROAD, VARANASI, UTTAR PRADESH, INDIA"
5017486356,34406101@N05,00:00.0,19.110838,72.829872,"UNION BANK OF INDIA, GURU NANAK ROAD, 400058, GURU NANAK ROAD, MUMBAI, MAHARASHTRA, INDIA"
9655957158,87686038@N07,56:53.0,26.954708,75.842822,"AMER ROAD, 302001, JAIPUR MUNICIPAL CORPORATION, RAJASTHAN, INDIA"
132724245,41894175704@N01,12:01.0,12.91821,77.645185,"1499, 19TH MAIN ROAD, 560034, 19TH MAIN ROAD, BENGALURU DIVISION, INDIA"
550212424,89044848@N00,46:15.0,24.852562,79.92897,"KARMA HOME STAY, JAIN TEMPLE ROAD, 471505, JAIN TEMPLE ROAD, KHAJURAHO, MADHYA PRADESH, INDIA"
1496401372,65809978@N00,31:50.0,28.611839,77.219295,"NATIONAL MUSEUM, JANPATH, 110011, JANPATH, NEW DELHI, DELHI, INDIA"
4364935799,47520364@N03,49:04.0,15.26216,73.922367,"COSTAS MONTAGE, VARCA BENAULIM COLVA, 403724, VARCA BENAULIM COLVA, SOUTH GOA, GOA, INDIA"
411168545,34662197@N00,04:33.0,20.2659,85.842361,"GOVT. RAILWAY POLICE STATION, BHUBANESWAR, LANE NUMBER 1, BUDHESWARI COLONY, 751006, LANE NUMBER 1, BUDHESWARI COLONY, BHUBANESWAR, ODHISA, INDIA"
592786481,14391210@N00,55:25.0,18.553152,73.813598,"LANE NO. 4, 411027, LANE NO. 4, PUNE, MAHARASHTRA, INDIA"
2567715300,25654955@N03,40:47.0,28.60144,77.199897,"TEEN MURTI BHAVAN, TEEN MURTI MARG, 110004, TEEN MURTI MARG, NEW DELHI, DELHI, INDIA"
3693148663,30889436@N05,58:47.0,28.015487,73.33418,"TULSI DHARNIA MEMORIAL CANCER HOSPITAL, SADULGANJ, 334003, SADULGANJ, BIKANER, RAJASTHAN, INDIA"
3716387792,22098403@N00,25:21.0,28.643443,77.11647,"RAJOURI GARDEN, DELHI, INDIA"
6393392049,59407447@N06,30:21.0,12.999143,77.701744,"MLR CONVENTION CENTER, 2/E1, DEVASDABDAR NEAR PHOENIX MARKET CITY WHITEFIELD, ITPL MAIN RD, BHADRAPPA LAYOUT, KEB COLONY, INDUSTRIAL AREA, HOODI, 560048, 2/E1, DEVASDABDAR NEAR PHOENIX MARKET CITY WHITEFIELD, ITPL MAIN RD, BHADRAPPA LAYOUT, KEB COLONY, INDUSTRIAL AREA, HOODI, BENGALURU DIVISION, INDIA"
7454337844,84013956@N00,32:34.0,17.424288,78.48673,"MARIOTT, 500080, SECUNDERABAD, TELANGANA, INDIA"
13357228635,37313707@N00,03:05.0,22.260638,84.884519,"32 PEARLS DENTAL CLINIC AND ADVANCE IMPLANT CENTRE, SECTOR-20, 769014, SECTOR-20, ODHISA, INDIA"
4295217592,60955494@N00,19:49.0,25.31889,83.007545,"TANDON MULTISPECIALITY HOSPITAL AND ISHITA MODERN EYE CARE CENTRE, ST. KABIR ROAD, 221001, ST. KABIR ROAD, VARANASI, UTTAR PRADESH, INDIA"
5017486356,34406101@N05,00:00.0,19.110838,72.829872,"UNION BANK OF INDIA, GURU NANAK ROAD, 400058, GURU NANAK ROAD, MUMBAI, MAHARASHTRA, INDIA"
9655957158,87686038@N07,56:53.0,26.954708,75.842822,"AMER ROAD, 302001, JAIPUR MUNICIPAL CORPORATION, RAJASTHAN, INDIA"
132724245,41894175704@N01,12:01.0,12.91821,77.645185,"1499, 19TH MAIN ROAD, 560034, 19TH MAIN ROAD, BENGALURU DIVISION, INDIA"
550212424,89044848@N00,46:15.0,24.852562,79.92897,"KARMA HOME STAY, JAIN TEMPLE ROAD, 471505, JAIN TEMPLE ROAD, KHAJURAHO, MADHYA PRADESH, INDIA"
1496401372,65809978@N00,31:50.0,28.611839,77.219295,"NATIONAL MUSEUM, JANPATH, 110011, JANPATH, NEW DELHI, DELHI, INDIA"
4364935799,47520364@N03,49:04.0,15.26216,73.922367,"COSTAS MONTAGE, VARCA BENAULIM COLVA, 403724, VARCA BENAULIM COLVA, SOUTH GOA, GOA, INDIA"
3349409988,11124467@N02,08:53.0,27.295528,70.504746,"BIPRASAR NETSI, RAJASTHAN, INDIA"
3405771889,11124467@N02,58:20.0,34.314991,76.841791,"PANJABI DHABA, LADAKH, INDIA"
4381314091,87762368@N00,57:20.0,28.635448,77.215965,"BLUE LINE, BASANT ROAD, 110055, BASANT ROAD, NEW DELHI, DELHI, INDIA"
5355487905,52569650@N00,02:22.0,22.713648,88.37265,"DEWAN MEDICARE AND NURSING HOME, P9CF+795, BARRACKPORE TRUNK RD, 700115, P9CF+795, BARRACKPORE TRUNK RD, KOLKATA, WEST BENGAL, INDIA"
5366015902,20144186@N04,57:20.0,15.602158,73.819877,"GOLDEN RAYS, 403507, MAPUSA, GOA, INDIA"
48942389,37134561@N00,05:02.0,12.972546,77.650648,"KISWA MENS WEAR, THIPPASANDRA MAIN ROAD, 560075, THIPPASANDRA MAIN ROAD, BENGALURU DIVISION, INDIA"
295618608,87983375@N00,00:09.0,15.173624,73.940219,"WILLY'S, MOBOR BEACH, 403731, MOBOR BEACH, CAVELOSSIM, GOA, INDIA"
1708775164,93904837@N00,14:27.0,10.792332,78.731803,"MANJATTIDAL, COILMILLTORAILWAYCOLONYRD, 620016, COILMILLTORAILWAYCOLONYRD, TIRUCHIRAPPALLI, TAMIL NADU, INDIA"
3530593741,72155957@N00,55:35.0,27.205644,78.037047,"राम बाग़, INDIA"
5366019126,20144186@N04,06:01.0,15.602158,73.819877,"GOLDEN RAYS, 403507, MAPUSA, GOA, INDIA"
5457601704,21761122@N06,03:16.0,26.493005,74.554166,"KOHINOOR, VIP ROAD, 305022, VIP ROAD, PUSHKAR, RAJASTHAN, INDIA"
10853530303,72155957@N00,36:17.0,10.853114,78.705196,"SRI JAMBUKESHWARA TEMPLE, SINGLESTREET, 620005, SINGLESTREET, TAMIL NADU, INDIA"
48942389,37134561@N00,05:02.0,12.972546,77.650648,"KISWA MENS WEAR, THIPPASANDRA MAIN ROAD, 560075, THIPPASANDRA MAIN ROAD, BENGALURU DIVISION, INDIA"
295618608,87983375@N00,00:09.0,15.173624,73.940219,"WILLY'S, MOBOR BEACH, 403731, MOBOR BEACH, CAVELOSSIM, GOA, INDIA"
1708775164,93904837@N00,14:27.0,10.792332,78.731803,"MANJATTIDAL, COILMILLTORAILWAYCOLONYRD, 620016, COILMILLTORAILWAYCOLONYRD, TIRUCHIRAPPALLI, TAMIL NADU, INDIA"
3530593741,72155957@N00,55:35.0,27.205644,78.037047,"राम बाग़, INDIA"
5366019126,20144186@N04,06:01.0,15.602158,73.819877,"GOLDEN RAYS, 403507, MAPUSA, GOA, INDIA"
5457601704,21761122@N06,03:16.0,26.493005,74.554166,"KOHINOOR, VIP ROAD, 305022, VIP ROAD, PUSHKAR, RAJASTHAN, INDIA"
10853530303,72155957@N00,36:17.0,10.853114,78.705196,"SRI JAMBUKESHWARA TEMPLE, SINGLESTREET, 620005, SINGLESTREET, TAMIL NADU, INDIA"
261379946,98541816@N00,41:26.0,15.524979,73.752937,"DREAMER'S SHACK, CHAPEL LANE, 403516, CHAPEL LANE, CANDOLIM, GOA, INDIA"
297150947,44124329962@N01,44:42.0,15.006474,74.030513,"JAMIA MASJID, DR. PUNLIK GAITUNDE ROAD, 403702, DR. PUNLIK GAITUNDE ROAD, PALOLEM, GOA, INDIA"
4510183251,48889042138@N01,38:24.0,25.303052,83.007373,"GODOWALIA LANKA ROAD, 221001, GODOWALIA LANKA ROAD, VARANASI, UTTAR PRADESH, INDIA"
5633566527,25869855@N04,48:33.0,12.527047,78.197472,"TRINITY HIGHER SECONDARY SCHOOL, KRISHNAGIRI - RAYAKOTTAI ROAD, 635002, KRISHNAGIRI - RAYAKOTTAI ROAD, KRISHNAGIRI, TAMIL NADU, INDIA"
5879776161,40584328@N00,58:25.0,12.966608,77.583764,"560053, BENGALURU, BENGALURU DIVISION, INDIA"
8948638771,85914824@N00,30:40.0,13.033611,80.209166,"15TH AVENUE, 600001, CHENNAI, TAMIL NADU, INDIA"
9250667429,7458786@N08,12:08.0,9.953749,76.258636,"SUI HOUSE B&B, 8/2010, MAULANA AZAD ROAD, 682002, MAULANA AZAD ROAD, KOCHI, KERALA, INDIA"
48942389,37134561@N00,05:02.0,12.972546,77.650648,"KISWA MENS WEAR, THIPPASANDRA MAIN ROAD, 560075, THIPPASANDRA MAIN ROAD, BENGALURU DIVISION, INDIA"
295618608,87983375@N00,00:09.0,15.173624,73.940219,"WILLY'S, MOBOR BEACH, 403731, MOBOR BEACH, CAVELOSSIM, GOA, INDIA"
1708775164,93904837@N00,14:27.0,10.792332,78.731803,"MANJATTIDAL, COILMILLTORAILWAYCOLONYRD, 620016, COILMILLTORAILWAYCOLONYRD, TIRUCHIRAPPALLI, TAMIL NADU, INDIA"
3530593741,72155957@N00,55:35.0,27.205644,78.037047,"राम बाग़, INDIA"
5366019126,20144186@N04,06:01.0,15.602158,73.819877,"GOLDEN RAYS, 403507, MAPUSA, GOA, INDIA"
5457601704,21761122@N06,03:16.0,26.493005,74.554166,"KOHINOOR, VIP ROAD, 305022, VIP ROAD, PUSHKAR, RAJASTHAN, INDIA"
10853530303,72155957@N00,36:17.0,10.853114,78.705196,"SRI JAMBUKESHWARA TEMPLE, SINGLESTREET, 620005, SINGLESTREET, TAMIL NADU, INDIA"
261379946,98541816@N00,41:26.0,15.524979,73.752937,"DREAMER'S SHACK, CHAPEL LANE, 403516, CHAPEL LANE, CANDOLIM, GOA, INDIA"
297150947,44124329962@N01,44:42.0,15.006474,74.030513,"JAMIA MASJID, DR. PUNLIK GAITUNDE ROAD, 403702, DR. PUNLIK GAITUNDE ROAD, PALOLEM, GOA, INDIA"
4510183251,48889042138@N01,38:24.0,25.303052,83.007373,"GODOWALIA LANKA ROAD, 221001, GODOWALIA LANKA ROAD, VARANASI, UTTAR PRADESH, INDIA"
5633566527,25869855@N04,48:33.0,12.527047,78.197472,"TRINITY HIGHER SECONDARY SCHOOL, KRISHNAGIRI - RAYAKOTTAI ROAD, 635002, KRISHNAGIRI - RAYAKOTTAI ROAD, KRISHNAGIRI, TAMIL NADU, INDIA"
5879776161,40584328@N00,58:25.0,12.966608,77.583764,"560053, BENGALURU, BENGALURU DIVISION, INDIA"
8948638771,85914824@N00,30:40.0,13.033611,80.209166,"15TH AVENUE, 600001, CHENNAI, TAMIL NADU, INDIA"
9250667429,7458786@N08,12:08.0,9.953749,76.258636,"SUI HOUSE B&B, 8/2010, MAULANA AZAD ROAD, 682002, MAULANA AZAD ROAD, KOCHI, KERALA, INDIA"
3514120899,80917797@N00,22:23.0,28.508748,77.029867,"PALAM VIHAR VYAPAR KENDRA, PALAM VIHAR, 122017, PALAM VIHAR, GURUGRAM, HARYĀNA, INDIA"
4563800718,21896103@N06,24:57.0,13.25089,77.714366,"MANASA HOSPITAL, DEVANA HALLI TOWN, 562110, DEVANAHALLI, KARNATAKA, INDIA"
5430728157,24605848@N03,42:51.0,12.948979,77.572848,"NATIONAL COLLEGE AND SCHOOL, KRISHNARAJENDRA ROAD, 560004, KRISHNARAJENDRA ROAD, BENGALURU, BENGALURU DIVISION, INDIA"
6948982238,37850683@N04,55:09.0,30.098949,79.924163,"UMULA, UTTARAKHAND, INDIA"
8737611693,58589111@N04,15:54.0,26.913172,70.911994,"BELLISSIMAFORT SHOP, PANSARI BAZAR, 345001, PANSARI BAZAR, JAISALMER, RAJASTHAN, INDIA"
9000440902,32962043@N02,09:14.0,17.385158,78.40078,"COMMONER STAIRS, 500048, TELANGANA, INDIA"
48942389,37134561@N00,05:02.0,12.972546,77.650648,"KISWA MENS WEAR, THIPPASANDRA MAIN ROAD, 560075, THIPPASANDRA MAIN ROAD, BENGALURU DIVISION, INDIA"
295618608,87983375@N00,00:09.0,15.173624,73.940219,"WILLY'S, MOBOR BEACH, 403731, MOBOR BEACH, CAVELOSSIM, GOA, INDIA"
1708775164,93904837@N00,14:27.0,10.792332,78.731803,"MANJATTIDAL, COILMILLTORAILWAYCOLONYRD, 620016, COILMILLTORAILWAYCOLONYRD, TIRUCHIRAPPALLI, TAMIL NADU, INDIA"
3530593741,72155957@N00,55:35.0,27.205644,78.037047,"राम बाग़, INDIA"
5366019126,20144186@N04,06:01.0,15.602158,73.819877,"GOLDEN RAYS, 403507, MAPUSA, GOA, INDIA"
5457601704,21761122@N06,03:16.0,26.493005,74.554166,"KOHINOOR, VIP ROAD, 305022, VIP ROAD, PUSHKAR, RAJASTHAN, INDIA"
10853530303,72155957@N00,36:17.0,10.853114,78.705196,"SRI JAMBUKESHWARA TEMPLE, SINGLESTREET, 620005, SINGLESTREET, TAMIL NADU, INDIA"
261379946,98541816@N00,41:26.0,15.524979,73.752937,"DREAMER'S SHACK, CHAPEL LANE, 403516, CHAPEL LANE, CANDOLIM, GOA, INDIA"
297150947,44124329962@N01,44:42.0,15.006474,74.030513,"JAMIA MASJID, DR. PUNLIK GAITUNDE ROAD, 403702, DR. PUNLIK GAITUNDE ROAD, PALOLEM, GOA, INDIA"
4510183251,48889042138@N01,38:24.0,25.303052,83.007373,"GODOWALIA LANKA ROAD, 221001, GODOWALIA LANKA ROAD, VARANASI, UTTAR PRADESH, INDIA"
5633566527,25869855@N04,48:33.0,12.527047,78.197472,"TRINITY HIGHER SECONDARY SCHOOL, KRISHNAGIRI - RAYAKOTTAI ROAD, 635002, KRISHNAGIRI - RAYAKOTTAI ROAD, KRISHNAGIRI, TAMIL NADU, INDIA"
5879776161,40584328@N00,58:25.0,12.966608,77.583764,"560053, BENGALURU, BENGALURU DIVISION, INDIA"
8948638771,85914824@N00,30:40.0,13.033611,80.209166,"15TH AVENUE, 600001, CHENNAI, TAMIL NADU, INDIA"
9250667429,7458786@N08,12:08.0,9.953749,76.258636,"SUI HOUSE B&B, 8/2010, MAULANA AZAD ROAD, 682002, MAULANA AZAD ROAD, KOCHI, KERALA, INDIA"
3514120899,80917797@N00,22:23.0,28.508748,77.029867,"PALAM VIHAR VYAPAR KENDRA, PALAM VIHAR, 122017, PALAM VIHAR, GURUGRAM, HARYĀNA, INDIA"
4563800718,21896103@N06,24:57.0,13.25089,77.714366,"MANASA HOSPITAL, DEVANA HALLI TOWN, 562110, DEVANAHALLI, KARNATAKA, INDIA"
5430728157,24605848@N03,42:51.0,12.948979,77.572848,"NATIONAL COLLEGE AND SCHOOL, KRISHNARAJENDRA ROAD, 560004, KRISHNARAJENDRA ROAD, BENGALURU, BENGALURU DIVISION, INDIA"
6948982238,37850683@N04,55:09.0,30.098949,79.924163,"UMULA, UTTARAKHAND, INDIA"
8737611693,58589111@N04,15:54.0,26.913172,70.911994,"BELLISSIMAFORT SHOP, PANSARI BAZAR, 345001, PANSARI BAZAR, JAISALMER, RAJASTHAN, INDIA"
9000440902,32962043@N02,09:14.0,17.385158,78.40078,"COMMONER STAIRS, 500048, TELANGANA, INDIA"
2300765020,48889080879@N01,21:37.0,12.971103,77.559442,"BINNIPETE WARD, BENGALURU, BENGALURU DIVISION, INDIA"
2780588856,44124455505@N01,45:20.0,32.235963,77.165565,"MANDIR, LAMADUGH, 175131, LAMADUGH, MANALI, HIMACHAL PRADESH, INDIA"
4466419030,38458469@N02,29:13.0,30.105038,78.294668,"ENTRANCE GATE 1, 249201, RISHIKESH, INDIA"
6337623458,50979393@N00,56:53.0,26.301025,73.030558,"NON-VEG ZONE, NAGORI GATE CHAURAHA, 342003, NAGORI GATE CHAURAHA, JODHPUR, RAJASTHAN, INDIA"
10358351206,8540256@N08,24:35.0,25.308338,83.010206,"VISHNU TEA EMPORIUM, DASHASHWAMEDH ROAD, 221001, DASHASHWAMEDH ROAD, VARANASI, UTTAR PRADESH, INDIA"
1400284475,47565600@N00,22:24.0,15.383349,73.837051,"ICICI BANK ATM, AIRPORT ROAD, 403802, AIRPORT ROAD, DABOLIM, GOA, INDIA"
4631626296,88426469@N00,11:27.0,12.970168,77.593216,"SREE KANTEERAVA OUTDOOR STADIUM, VITTAL MALLYA ROAD, 560001, VITTAL MALLYA ROAD, BENGALURU, KARNATAKA, INDIA"
5366537314,48587703@N00,50:38.0,22.564561,72.92407,"NISHKA ENT & HEAD AND NECK SURGEON, BAKROL ROAD, 388120, BAKROL ROAD, ANAND, GUJARAT, INDIA"
5427347089,61009686@N00,53:42.0,33.64967,76.996574,"ZANGLA PALACE, ZANGLA, LADAKH, INDIA"
6491947069,59151633@N00,39:16.0,28.656432,77.2322,"BAHI MATI DASS MUSEUM, H.C. SEN MARG, 110006, H.C. SEN MARG, DELHI, INDIA"
9394331636,86292040@N00,19:59.0,19.056166,72.839833,"GURUNANAK MARG (TURNER ROAD), 400050, MUMBAI, MAHARASHTRA, INDIA"
1400284475,47565600@N00,22:24.0,15.383349,73.837051,"ICICI BANK ATM, AIRPORT ROAD, 403802, AIRPORT ROAD, DABOLIM, GOA, INDIA"
4631626296,88426469@N00,11:27.0,12.970168,77.593216,"SREE KANTEERAVA OUTDOOR STADIUM, VITTAL MALLYA ROAD, 560001, VITTAL MALLYA ROAD, BENGALURU, KARNATAKA, INDIA"
5366537314,48587703@N00,50:38.0,22.564561,72.92407,"NISHKA ENT & HEAD AND NECK SURGEON, BAKROL ROAD, 388120, BAKROL ROAD, ANAND, GUJARAT, INDIA"
5427347089,61009686@N00,53:42.0,33.64967,76.996574,"ZANGLA PALACE, ZANGLA, LADAKH, INDIA"
6491947069,59151633@N00,39:16.0,28.656432,77.2322,"BAHI MATI DASS MUSEUM, H.C. SEN MARG, 110006, H.C. SEN MARG, DELHI, INDIA"
9394331636,86292040@N00,19:59.0,19.056166,72.839833,"GURUNANAK MARG (TURNER ROAD), 400050, MUMBAI, MAHARASHTRA, INDIA"
610492243,89044848@N00,31:15.0,25.350483,78.647539,"RAMJI MAHAL, MAIN ROAD NEAR RIVER, 472246, MAIN ROAD NEAR RIVER, ORCHHA, MADHYA PRADESH, INDIA"
1803683531,78988474@N00,03:05.0,27.187921,78.011169,"SINDHI MARKET, CHURCH ROAD, 282003, CHURCH ROAD, AGRA, UTTAR PRADESH, INDIA"
4699642199,25252126@N08,03:02.0,10.824538,78.696956,"CHITTRAMBALAM DENTAL CLINIC, THERADY BAZAAR, 620002, THERADY BAZAAR, TIRUCHIRAPPALLI, TAMIL NADU, INDIA"
5382186560,48587703@N00,00:07.0,22.487181,73.532352,"MANDVUOR CUSTOM HOUSE, 389360, GUJARAT, INDIA"
5648544043,37850683@N04,06:22.0,28.509502,77.261202,"GHIYAS-UD-DIN TUGHLAQ'S TOMB, CAUSEWAY TO GHIYAS-UD-DIN TUGHLAQ'S TOMB, 110080, CAUSEWAY TO GHIYAS-UD-DIN TUGHLAQ'S TOMB, DELHI, INDIA"
6221098681,85855348@N00,21:20.0,26.927786,75.787952,"SHAHPURA HOUSE, DEVI MARG, 302006, DEVI MARG, JAIPUR, RAJASTHAN, INDIA"
6339640073,29860153@N03,12:35.0,12.44202,75.248329,"NEELAMKAYAM VCB, 671532, INDIA"
1400284475,47565600@N00,22:24.0,15.383349,73.837051,"ICICI BANK ATM, AIRPORT ROAD, 403802, AIRPORT ROAD, DABOLIM, GOA, INDIA"
4631626296,88426469@N00,11:27.0,12.970168,77.593216,"SREE KANTEERAVA OUTDOOR STADIUM, VITTAL MALLYA ROAD, 560001, VITTAL MALLYA ROAD, BENGALURU, KARNATAKA, INDIA"
5366537314,48587703@N00,50:38.0,22.564561,72.92407,"NISHKA ENT & HEAD AND NECK SURGEON, BAKROL ROAD, 388120, BAKROL ROAD, ANAND, GUJARAT, INDIA"
5427347089,61009686@N00,53:42.0,33.64967,76.996574,"ZANGLA PALACE, ZANGLA, LADAKH, INDIA"
6491947069,59151633@N00,39:16.0,28.656432,77.2322,"BAHI MATI DASS MUSEUM, H.C. SEN MARG, 110006, H.C. SEN MARG, DELHI, INDIA"
9394331636,86292040@N00,19:59.0,19.056166,72.839833,"GURUNANAK MARG (TURNER ROAD), 400050, MUMBAI, MAHARASHTRA, INDIA"
610492243,89044848@N00,31:15.0,25.350483,78.647539,"RAMJI MAHAL, MAIN ROAD NEAR RIVER, 472246, MAIN ROAD NEAR RIVER, ORCHHA, MADHYA PRADESH, INDIA"
1803683531,78988474@N00,03:05.0,27.187921,78.011169,"SINDHI MARKET, CHURCH ROAD, 282003, CHURCH ROAD, AGRA, UTTAR PRADESH, INDIA"
4699642199,25252126@N08,03:02.0,10.824538,78.696956,"CHITTRAMBALAM DENTAL CLINIC, THERADY BAZAAR, 620002, THERADY BAZAAR, TIRUCHIRAPPALLI, TAMIL NADU, INDIA"
5382186560,48587703@N00,00:07.0,22.487181,73.532352,"MANDVUOR CUSTOM HOUSE, 389360, GUJARAT, INDIA"
5648544043,37850683@N04,06:22.0,28.509502,77.261202,"GHIYAS-UD-DIN TUGHLAQ'S TOMB, CAUSEWAY TO GHIYAS-UD-DIN TUGHLAQ'S TOMB, 110080, CAUSEWAY TO GHIYAS-UD-DIN TUGHLAQ'S TOMB, DELHI, INDIA"
6221098681,85855348@N00,21:20.0,26.927786,75.787952,"SHAHPURA HOUSE, DEVI MARG, 302006, DEVI MARG, JAIPUR, RAJASTHAN, INDIA"
6339640073,29860153@N03,12:35.0,12.44202,75.248329,"NEELAMKAYAM VCB, 671532, INDIA"
123827847,48889048097@N01,56:46.0,10.935124,79.278373,"THANJAVUR-KUMBAKONAM ROAD, 614200, PAPANASAM, TAMIL NADU, INDIA"
600499702,89044848@N00,03:48.0,12.308053,76.653885,"MYSORE CITY BUS STAND, SAYYAJI RAO ROAD, 570001, SAYYAJI RAO ROAD, MYSORE, MYSURU DIVISION, INDIA"
2320474575,42389268@N00,14:15.0,15.313492,74.302597,"DUDHSAGAR, DUDHSAGAR WATERFALL WALKING TOUR, DUDHSAGAR WATERFALL WALKING TOUR, COLLEM, GOA, INDIA"
3353583287,21874540@N00,08:20.0,27.086493,77.664499,"FATEHPUR SIKRI, 283110, UTTAR PRADESH, INDIA"
7578680758,61784959@N00,50:39.0,27.181432,78.021426,"MOTI MASJID, MINAR BAZAAR, 282003, MINAR BAZAAR, AGRA, UTTAR PRADESH, INDIA"
1400284475,47565600@N00,22:24.0,15.383349,73.837051,"ICICI BANK ATM, AIRPORT ROAD, 403802, AIRPORT ROAD, DABOLIM, GOA, INDIA"
4631626296,88426469@N00,11:27.0,12.970168,77.593216,"SREE KANTEERAVA OUTDOOR STADIUM, VITTAL MALLYA ROAD, 560001, VITTAL MALLYA ROAD, BENGALURU, KARNATAKA, INDIA"
5366537314,48587703@N00,50:38.0,22.564561,72.92407,"NISHKA ENT & HEAD AND NECK SURGEON, BAKROL ROAD, 388120, BAKROL ROAD, ANAND, GUJARAT, INDIA"
5427347089,61009686@N00,53:42.0,33.64967,76.996574,"ZANGLA PALACE, ZANGLA, LADAKH, INDIA"
6491947069,59151633@N00,39:16.0,28.656432,77.2322,"BAHI MATI DASS MUSEUM, H.C. SEN MARG, 110006, H.C. SEN MARG, DELHI, INDIA"
9394331636,86292040@N00,19:59.0,19.056166,72.839833,"GURUNANAK MARG (TURNER ROAD), 400050, MUMBAI, MAHARASHTRA, INDIA"
610492243,89044848@N00,31:15.0,25.350483,78.647539,"RAMJI MAHAL, MAIN ROAD NEAR RIVER, 472246, MAIN ROAD NEAR RIVER, ORCHHA, MADHYA PRADESH, INDIA"
1803683531,78988474@N00,03:05.0,27.187921,78.011169,"SINDHI MARKET, CHURCH ROAD, 282003, CHURCH ROAD, AGRA, UTTAR PRADESH, INDIA"
4699642199,25252126@N08,03:02.0,10.824538,78.696956,"CHITTRAMBALAM DENTAL CLINIC, THERADY BAZAAR, 620002, THERADY BAZAAR, TIRUCHIRAPPALLI, TAMIL NADU, INDIA"
5382186560,48587703@N00,00:07.0,22.487181,73.532352,"MANDVUOR CUSTOM HOUSE, 389360, GUJARAT, INDIA"
5648544043,37850683@N04,06:22.0,28.509502,77.261202,"GHIYAS-UD-DIN TUGHLAQ'S TOMB, CAUSEWAY TO GHIYAS-UD-DIN TUGHLAQ'S TOMB, 110080, CAUSEWAY TO GHIYAS-UD-DIN TUGHLAQ'S TOMB, DELHI, INDIA"
6221098681,85855348@N00,21:20.0,26.927786,75.787952,"SHAHPURA HOUSE, DEVI MARG, 302006, DEVI MARG, JAIPUR, RAJASTHAN, INDIA"
6339640073,29860153@N03,12:35.0,12.44202,75.248329,"NEELAMKAYAM VCB, 671532, INDIA"
123827847,48889048097@N01,56:46.0,10.935124,79.278373,"THANJAVUR-KUMBAKONAM ROAD, 614200, PAPANASAM, TAMIL NADU, INDIA"
600499702,89044848@N00,03:48.0,12.308053,76.653885,"MYSORE CITY BUS STAND, SAYYAJI RAO ROAD, 570001, SAYYAJI RAO ROAD, MYSORE, MYSURU DIVISION, INDIA"
2320474575,42389268@N00,14:15.0,15.313492,74.302597,"DUDHSAGAR, DUDHSAGAR WATERFALL WALKING TOUR, DUDHSAGAR WATERFALL WALKING TOUR, COLLEM, GOA, INDIA"
3353583287,21874540@N00,08:20.0,27.086493,77.664499,"FATEHPUR SIKRI, 283110, UTTAR PRADESH, INDIA"
7578680758,61784959@N00,50:39.0,27.181432,78.021426,"MOTI MASJID, MINAR BAZAAR, 282003, MINAR BAZAAR, AGRA, UTTAR PRADESH, INDIA"
358771783,33631483@N00,40:12.0,18.958895,72.817726,"IMPERIAL CINEMA, NAAZ CINEMA COMPOUND, 400004, NAAZ CINEMA COMPOUND, MUMBAI, MAHARASHTRA, INDIA"
1400323947,47565600@N00,48:49.0,15.383349,73.837051,"ICICI BANK ATM, AIRPORT ROAD, 403802, AIRPORT ROAD, DABOLIM, GOA, INDIA"
2466111888,45482539@N00,21:34.0,17.375163,78.472026,"WARD 50 BEGUM BAZAR, TELANGANA, INDIA"
3300065353,9237707@N05,32:15.0,28.50954,77.166112,"COMMUNITY CENTRE PARK, DELHI, INDIA"
5202654046,46293521@N04,05:12.0,26.924729,75.824772,"जंतर मंतर, जयपुर, TRIPOLIA BAZAAR, 302001, TRIPOLIA BAZAAR, JAIPUR, RAJASTHAN, INDIA"
6794553468,73569497@N00,44:56.0,18.933841,72.834433,"N SUKHIA STREET, 400038, MUMBAI, MAHARASHTRA, INDIA"
9609457580,97490011@N06,32:30.0,18.945312,72.829027,"BOMANJI MASTER LN, 400020, MUMBAI, MAHARASHTRA, INDIA"
9939216,17893695@N00,57:03.0,13.033763,80.278,"TOMB OF ST. THOMAS, SANTHOME HIGH ROAD, 600001, SANTHOME HIGH ROAD, CHENNAI, TAMIL NADU, INDIA"
35421723,21424326@N00,08:14.0,26.290567,73.019514,"CHAKSHU HOSPITAL, KATLA KA CHOWK, KATLA BAZAAR, 342001, KATLA KA CHOWK, KATLA BAZAAR, JODHPUR, RAJASTHAN, INDIA"
36209973,87306906@N00,02:11.0,17.390777,78.368225,"ROAD NO 25, 500089, TELANGANA, INDIA"
47701784,71481771@N00,27:57.0,24.691202,84.984231,"INDOSAN NIPPONJI TEMPLE, JAPANESE TEMPLE ROAD, 824231, JAPANESE TEMPLE ROAD, BODHGAYA, BIHAR, INDIA"
83617195,46927390@N00,33:47.0,26.450282,80.369517,"ALL SOULS CAWNPORE MEMORIAL CHURCH, MEMORIAL LANE, 208012, MEMORIAL LANE, KANPUR, UTTAR PRADESH, INDIA"
246536850,66084373@N00,12:03.0,9.951351,76.241168,"VELI ROAD, 682001, KOCHI, KERALA, INDIA"
302764533,52082843@N00,00:07.0,9.365062,78.840293,"18, VALLAL PARI NORTH STREET, 623504, VALLAL PARI NORTH STREET, VELIPATTINAM, TAMIL NADU, INDIA"
368009775,35078881@N00,36:25.0,25.318735,83.015527,"RABINDRANATH TAGORE ROAD, 221001, VARANASI, UTTAR PRADESH, INDIA"
397649342,43224524@N00,33:17.0,25.308183,83.01115,"DOLPHIN RESTAURANT, MEER GHAT, 221001, MEER GHAT, VARANASI, UTTAR PRADESH, INDIA"
403117260,72366900@N00,00:00.0,15.699069,73.689765,"KALACHA BEACH, INDIA"
437640606,7535686@N02,47:49.0,8.64942,76.789627,"MANJADIMOODU LEVEL CROSS, 695304, KERALA, INDIA"
554666271,89044848@N00,51:32.0,24.852562,79.92897,"KARMA HOME STAY, JAIN TEMPLE ROAD, 471505, JAIN TEMPLE ROAD, KHAJURAHO, MADHYA PRADESH, INDIA"
583525275,48889048097@N01,15:25.0,10.777367,78.671207,"TRICHY - MADURAI - TUTICORIN ROAD (OLD NH45B), 620012, TRICHY - MADURAI - TUTICORIN ROAD (OLD NH45B), TAMIL NADU, INDIA"
583840198,48889048097@N01,02:13.0,11.230855,79.728727,"HOTEL ARYAAS, SIRKAZHI BYPASS, 609101, SIRKAZHI BYPASS, KOVILPATTU, TAMIL NADU, INDIA"
611094537,89044848@N00,34:01.0,25.350483,78.647539,"RAMJI MAHAL, MAIN ROAD NEAR RIVER, 472246, MAIN ROAD NEAR RIVER, ORCHHA, MADHYA PRADESH, INDIA"
618065172,89044848@N00,54:08.0,27.174846,78.042969,"JAWAB, TAJ EAST GATE ROAD, 282006, TAJ EAST GATE ROAD, AGRA, UTTAR PRADESH, INDIA"
2093377231,21255424@N07,21:05.0,26.2948,73.034362,"STATE BANK OF INDIA, MANDORE ROAD, 342010, MANDORE ROAD, JODHPUR, RAJASTHAN, INDIA"
2192264778,21430483@N03,54:25.0,10.791236,79.130659,"AIYANKULAM TANK, 613001, INDIA"
2211554906,16306365@N00,30:43.0,25.34899,82.96875,"ANSH NEURO AND MATERNITY CENTRE, CENTRAL JAIL ROAD, 221002, CENTRAL JAIL ROAD, VARANASI, UTTAR PRADESH, INDIA"
2255818917,15271731@N00,48:41.0,28.475934,77.006177,"COLONEL'S CENTRAL ACADEMY, SECTOR 4, 120001, SECTOR 4, GURUGRAM, HARYĀNA, INDIA"
2267652403,21063397@N00,48:35.0,15.497562,73.767013,"TAJ FORT AGUADA RESORT & SPA, FORT AGUADA ROAD / AGUADA - SIOLIM ROAD, 403515, FORT AGUADA ROAD / AGUADA - SIOLIM ROAD, SINQUERIM, GOA, INDIA"
2268901395,23791860@N03,26:07.0,28.626795,77.216473,"JAI PRAKASH YANTRA, TOLSTOY MARG, 110001, TOLSTOY MARG, NEW DELHI, DELHI, INDIA"
2377293150,56685562@N00,05:15.0,15.324967,76.472933,"MONKEY CARVED INTO A ROCK (SOUTH FACING), SULE BAZAAR, 583239, SULE BAZAAR, HAMPE, KARNATAKA, INDIA"
2399863211,11124467@N02,25:44.0,12.861563,76.486571,"CHANDRAGIRI, 573135, INDIA"
2401868886,48889048097@N01,07:20.0,13.045511,80.262068,"NEW WOODLANDS, DR RADHAKRISHNAN SALAI, 600001, DR RADHAKRISHNAN SALAI, CHENNAI, TAMIL NADU, INDIA"
2411000246,10438417@N00,41:47.0,13.070522,80.25694,"CONNEMERA PUBLIC LIBRARY, PANTHEON ROAD, 600008, PANTHEON ROAD, CHENNAI, TAMIL NADU, INDIA"
2459764108,21298758@N00,38:35.0,27.175056,78.042991,"JAWAB, TAJ EAST GATE ROAD, 282006, TAJ EAST GATE ROAD, AGRA, UTTAR PRADESH, INDIA"
2520507418,10438417@N00,41:51.0,13.034484,80.269857,"NORTH MADA STREET, 600001, CHENNAI, TAMIL NADU, INDIA"
2528358974,62451331@N00,45:08.0,25.581194,91.872653,"STATE BANK OF INDIA, SHILLONG - GUWAHATI ROAD, 793001, SHILLONG - GUWAHATI ROAD, SHILLONG, MEGHALAYA, INDIA"
2589617388,25152220@N00,09:48.0,32.542471,76.069679,"LINDI BEHI, KHAJJIAR, HIMACHAL PRADESH, INDIA"
2618652576,60466964@N00,21:22.0,28.653537,77.11235,"ROAD NUMBER 28, 110027, DELHI, INDIA"
2766690424,53044163@N00,02:19.0,12.257208,76.656246,"DALAVAYI KERE, INDIA"
2783609382,48889048097@N01,47:25.0,12.967496,77.672266,"SAMRUDDHI HEALTH CARE CENTRE, 3RD MAIN ROAD, 560017, 3RD MAIN ROAD, KARNATAKA, INDIA"
2870125095,8037044@N06,07:11.0,28.363232,75.587825,"KRISHNA MARG, 333031, PILANI, RAJASTHAN, INDIA"
2895926921,97252638@N00,20:10.0,25.308721,83.011955,"APEX, MEER GHAT, 221001, MEER GHAT, VARANASI, UTTAR PRADESH, INDIA"
3240929323,28563153@N00,43:45.0,12.94911,77.587562,"GREENHOUSE, 650027, BENGALURU, BENGALURU DIVISION, INDIA"
3367774182,11124467@N02,21:41.0,30.752041,76.804695,"UTTAR MARG, 160001, CHANDIGARH, INDIA"
3396936314,11124467@N02,52:25.0,25.213655,91.961955,"MEGHALAYA, INDIA"
3401614553,11124467@N02,09:33.0,32.23258,76.324386,"DALAI LAMA TEMPLE, TEMPLE ROAD, 176200, TEMPLE ROAD, MCLEODGANJ, DHARAMSHALA, HIMACHAL PRADESH, INDIA"
3409641268,44124298927@N01,53:11.0,9.958368,76.259837,"MATTANCHERRY, JETTHY ROAD, 628002, JETTHY ROAD, KOCHI, KERALA, INDIA"
3416078170,50999605@N00,04:09.0,25.30892,83.0116,"ALAKHNANDA, MEER GHAT, 221001, MEER GHAT, VARANASI, UTTAR PRADESH, INDIA"
3424128338,21375717@N00,56:00.0,31.26733,75.695733,"144411, PUNJAB, INDIA"
3542091079,7994829@N08,17:54.0,20.111472,72.911968,"GOVT. ITI, OLD NH8, 401606, OLD NH8, TALASARI, MAHARASHTRA, INDIA"
3700382673,72155957@N00,33:44.0,28.522731,77.182012,"MEHRAULI TERMINAL, BHULBHULAIYA ROAD, 110030, BHULBHULAIYA ROAD, DELHI, INDIA"
3715697601,22098403@N00,53:58.0,27.186547,77.996578,"BALKA BASTI, 282002, AGRA, UTTAR PRADESH, INDIA"
3765009916,33834913@N00,59:07.0,28.590485,77.217514,"LODHI ROAD, 100011, DELHI, INDIA"
3897278331,32628129@N04,16:55.0,12.283816,76.666652,"THOUSAND STEPS FOOTPATH, 570001, MYSURU, KARNATAKA, INDIA"
3948840746,22853208@N05,18:38.0,27.038945,88.24768,"BURDWAN PALACE, HILL CART ROAD, 734102, HILL CART ROAD, DARJEELING, WEST BENGAL, INDIA"
3991821041,38419041@N00,49:13.0,12.978735,77.56824,"PLATFORM 7,8, OLD MYSURU ROAD, 560009, OLD MYSURU ROAD, BENGALURU, BENGALURU DIVISION, INDIA"
4026393465,39072595@N03,00:12.0,18.514121,73.841943,"KARVE ROAD, 411004, PUNE, MAHARASHTRA, INDIA"
4148943865,9643110@N08,03:04.0,10.00672,76.710319,"KERALA BANK, PAINGOTTOOR BRANCH, POTHANICAD - PAINGATTOOR RD, 686671, POTHANICAD - PAINGATTOOR RD, KOTHAMANGALAM, ERNAKULAM, KERALA, INDIA"
4222647172,14948094@N00,29:57.0,25.314235,83.007373,"DALMANDI ROAD, 221001, VARANASI, UTTAR PRADESH, INDIA"
4289495546,64087373@N00,52:20.0,26.02555,76.460208,"ZONE 1, 322021, SAWAI MADHOPUR, RAJASTHAN, INDIA"
4369920129,33037982@N04,03:28.0,15.509389,73.764653,"SUDHA'S SHACK, CASABLANCA RESORT LFNE, 403516, CASABLANCA RESORT LFNE, CANDOLIM, GOA, INDIA"
4371767208,33037982@N04,40:52.0,15.515416,73.768338,"ELECTRICITY DEPARTMENT, SEQUIERA VADDO, 403516, SEQUIERA VADDO, CANDOLIM, GOA, INDIA"
4455820171,57419996@N00,05:16.0,16.021004,75.882997,"AIHOLE MUSEUM, 587124, AIHOLE, KARNATAKA, INDIA"
4465798056,10222491@N06,32:06.0,13.860351,74.816079,"MAVINAKARU, 576220, INDIA"
4499234561,60955494@N00,00:17.0,24.695145,84.988527,"LOTUS NIKKO, DOMUHAN BODHGAYA ROAD, 824231, DOMUHAN BODHGAYA ROAD, BODHGAYA, BIHAR, INDIA"
4507946392,35967967@N02,43:15.0,34.078682,74.831485,"SAINT LUKE'S CHURCH, DRUGJAN, DAL GATE ROAD, 190008, DRUGJAN, DAL GATE ROAD, SRINAGAR, JAMMU AND KASHMIR, INDIA"
4517641308,74894751@N00,31:59.0,27.329138,88.614408,"ORANGE TOURS AND TREKS, TIBET ROAD, GANGTOK-737101, 737101, TIBET ROAD, GANGTOK-737101, GANGTOK, SIKKIM, INDIA"
4528074760,60955494@N00,02:33.0,14.546034,74.323196,"BEST THALI RESTAURANT, 581326, GOKARNA, KARNATAKA, INDIA"
5025462885,99366248@N00,00:49.0,28.61798,77.191572,"MOTHER TERESA CRESCENT, 110004, NEW DELHI, DELHI, INDIA"
5028716211,19364701@N00,20:33.0,12.420189,76.573762,"THE GARDEN CAFÉ, KRISHNARAJA SAGARA ROAD, 571606, KRISHNARAJA SAGARA ROAD, KRISHNARAJASAGARA, KARNATAKA, INDIA"
5074590910,48288451@N00,39:42.0,19.1232,72.91453,"TELECOM STAFF QUARTERS, MUMBAI, MAHARASHTRA, INDIA"
5095631246,25095063@N04,11:07.0,18.934622,72.824136,"NATURAL ICE CREAM, MARINE DRIVE, 400021, MARINE DRIVE, MUMBAI, MAHARASHTRA, INDIA"
5170639948,60586954@N00,23:26.0,20.269282,85.83985,"MAHATMA GANDHI MARG, 751000, BHUBANESWAR MUNICIPAL CORPORATION, ODISHA, INDIA"
5171225721,60586954@N00,11:08.0,19.804389,85.832276,"VIP ROAD, 752001, PURI, ODISHA, INDIA"
5171467833,60586954@N00,54:11.0,20.269282,85.83985,"MAHATMA GANDHI MARG, 751000, BHUBANESWAR MUNICIPAL CORPORATION, ODISHA, INDIA"
5297165705,56766281@N00,59:46.0,18.114447,83.398962,"VIZIANAGARAM, 535001, ANDHRA PRADESH, INDIA"
5359511678,90338469@N00,46:09.0,24.850741,79.923498,"GOA RESTAURANT, INFRON OF SHIV SAGAR LAKE, 471505, INFRON OF SHIV SAGAR LAKE, KHAJURAHO, MADHYA PRADESH, INDIA"
5360636289,90338469@N00,51:50.0,25.350929,78.647603,"RAMJI MAHAL, MAIN ROAD NEAR RIVER, 472246, MAIN ROAD NEAR RIVER, ORCHHA, MADHYA PRADESH, INDIA"
5366551520,48587703@N00,59:32.0,22.564561,72.92407,"NISHKA ENT & HEAD AND NECK SURGEON, BAKROL ROAD, 388120, BAKROL ROAD, ANAND, GUJARAT, INDIA"
5382182084,48587703@N00,57:58.0,22.487181,73.532352,"MANDVUOR CUSTOM HOUSE, 389360, GUJARAT, INDIA"
5488170631,56766281@N00,18:26.0,18.114447,83.398962,"VIZIANAGARAM, 535001, ANDHRA PRADESH, INDIA"
5522969650,37850683@N04,32:29.0,28.523129,77.185403,"GATEWAY GUEST HOUSE (METCALFE'S RETREAT), MEHRAULI ARCHEOLOGICAL PARK PATH, 110030, MEHRAULI ARCHEOLOGICAL PARK PATH, DELHI, INDIA"
5542489218,20721230@N00,27:05.0,30.74533,76.798263,"HIMALAYA MARG, 160009, CHANDIGARH, INDIA"
5607536214,60905522@N08,13:05.0,32.237488,77.170372,"MANDIR, LAMADUGH, 175131, LAMADUGH, MANALI, HIMACHAL PRADESH, INDIA"
5686346136,8003134@N02,15:42.0,26.958491,75.848751,"MAN SAGAR, 302001, INDIA"
5832108083,27526538@N07,52:35.0,12.669984,76.63496,"NARANAPURA, 571431, MELUKOTE, KARNATAKA, INDIA"
5877518696,40584328@N00,39:51.0,11.777628,78.207378,"SHIVALINGAM CLINIC, FAIR LANDS ROAD, YERCAUD, 636601, FAIR LANDS ROAD, YERCAUD, SALEM, TAMIL NADU, INDIA"
5880474352,40584328@N00,47:22.0,12.966608,77.583764,"560053, BENGALURU, BENGALURU DIVISION, INDIA"
5913232131,26548565@N02,26:11.0,30.128261,78.321833,"DR. USHA'S NIRVANA CLINIC, KRIYA YOGA LANE, 249137, KRIYA YOGA LANE, UTTARAKHAND, INDIA"
6147242884,48288451@N00,38:09.0,14.228988,74.812219,"JOG FALLS, 577435, INDIA"
6206210061,84292292@N00,17:45.0,31.104979,77.172946,"MUNICIPAL CORPORATION, REVOLI TUNNEL, 171001, REVOLI TUNNEL, MALL ROAD AREA, HIMACHAL PRADESH, INDIA"
6342705349,15237218@N00,41:24.0,19.076972,72.85128,"GRAND HYATT MUMBAI, BANDRA KURLA COMPLEX, OFF WESTERN EXPRESS HIGHWAY, 400055, BANDRA KURLA COMPLEX, OFF WESTERN EXPRESS HIGHWAY, MUMBAI, MAHARASHTRA, INDIA"
6420404409,64449147@N00,13:33.0,27.181298,78.022027,"MOTI MASJID, MINAR BAZAAR, 282003, MINAR BAZAAR, AGRA, UTTAR PRADESH, INDIA"
6706029951,84292292@N00,34:01.0,25.313474,83.015732,"BHONSALE GHAT, KAUCHARI GALI, 221001, KAUCHARI GALI, VARANASI, UTTAR PRADESH, INDIA"
6723122007,30145457@N08,05:22.0,12.311419,76.653671,"SAMASTH, KALAMMA TEMPLE STREET, 570001, KALAMMA TEMPLE STREET, MYSURU, MYSURU DIVISION, INDIA"
6735517609,45774179@N00,43:02.0,8.531533,77.124023,"ANGANWADI, NEDUMANGADU - SHORLACODE HIGHWAY, 695574, NEDUMANGADU - SHORLACODE HIGHWAY, TVM, KERALA, INDIA"
6777675784,40809617@N00,22:43.0,22.75,75.903,"HOTEL RADISSON BLU, 25,BHAGYA SHREE NAGAR SERVICE ROAD, NEAR PETROL PUMP, 452001, 25,BHAGYA SHREE NAGAR SERVICE ROAD, NEAR PETROL PUMP, INDORE, MADHYA PRADESH, INDIA"
7051219211,61871520@N03,10:38.0,28.592209,77.193975,"NEHRU PARK, INDIA"
7125934211,34838643@N00,50:03.0,26.924174,75.824997,"VRIHAT SAMRAT YANTRA, TRIPOLIA BAZAAR, 302001, TRIPOLIA BAZAAR, JAIPUR, RAJASTHAN, INDIA"
7717255062,43318334@N05,58:01.0,27.183799,77.994453,"ASHOK NAGAR, 282010, AGRA, UTTAR PRADESH, INDIA"
7792269776,61497716@N08,44:12.0,21.122995,79.051555,"VNIT ADMIN BLOCK, VNIT MAIN ROAD, 440022, VNIT MAIN ROAD, MAHARASHTRA, INDIA"
7913199114,10297667@N06,49:39.0,25.308644,83.012144,"APEX, MEER GHAT, 221001, MEER GHAT, VARANASI, UTTAR PRADESH, INDIA"
7987858274,72155957@N00,53:37.0,28.671235,77.22908,"QUDSIA BAGH, MAHATMA GANDHI MARG, 110054, MAHATMA GANDHI MARG, DELHI, INDIA"
8139197802,12050428@N08,18:02.0,21.155809,79.05828,"CP CLUB SQUARE, 440002, MAHARASHTRA, INDIA"
8172391167,55585187@N06,29:41.0,12.619799,80.190246,"OTHAVADAI STREET; KONERI ROAD, 603104, MAHABALIPURAM, TAMIL NADU, INDIA"
8175637289,17559409@N00,58:16.0,12.320549,76.658361,"ST PHILOMENA'S CHURCH, ASHOKA ROAD, 570001, ASHOKA ROAD, MYSURU, MYSURU DIVISION, INDIA"
8195393305,20721230@N00,51:00.0,27.168333,78.048833,"TAJ EAST GATE ROAD, 282001, TAJ EAST GATE ROAD, AGRA, UTTAR PRADESH, INDIA"
8299893140,22109397@N00,24:25.0,30.117067,78.303776,"SBI, 21, TILAK ROAD, RISHIKESH, 249304, 21, TILAK ROAD, RISHIKESH, UTTARAKHAND, INDIA"
8382520507,67564216@N00,59:24.0,12.967244,77.642127,"THE ANTS CAFE, 2286, , 14TH A MAIN ROAD, 1ST CROSS, 560008, , 14TH A MAIN ROAD, 1ST CROSS, BANGALORE, BENGALURU DIVISION, INDIA"
8407432396,23930118@N04,34:57.0,26.916789,70.889453,"GORBANDH PALACE, BADA BAGH ROAD, 345001, BADA BAGH ROAD, MOOLSAGAR, RAJASTHAN, INDIA"
8446147026,26621269@N00,49:02.0,28.655952,77.233663,"JALEBI WALA, KATRA MASHRU, 110006, KATRA MASHRU, DELHI, INDIA"
8479966517,62606865@N00,31:04.0,26.926111,75.81,"SHRI CHANDPOL HANUMAN MANDIR, CHANDPOL BAZAAR, 302006, CHANDPOL BAZAAR, JAIPUR, RAJASTHAN, INDIA"
8511557605,66146036@N00,00:40.0,25.308725,83.012205,"APEX, MEER GHAT, 221001, MEER GHAT, VARANASI, UTTAR PRADESH, INDIA"
8524074660,37313707@N00,05:58.0,22.260866,84.884461,"32 PEARLS DENTAL CLINIC AND ADVANCE IMPLANT CENTRE, SECTOR-20, 769014, SECTOR-20, ODHISA, INDIA"
8553232181,52250666@N02,48:46.0,9.969634,76.260192,"PRIYADARSHINI PARK, 628002, INDIA"
8557180264,36859875@N00,38:27.0,27.174666,78.0435,"JAWAB, TAJ EAST GATE ROAD, 282006, TAJ EAST GATE ROAD, AGRA, UTTAR PRADESH, INDIA"
8557479946,10340578@N06,30:26.0,25.309038,83.012455,"GANPATI, D-3/24, MEER GHAT, 221001, MEER GHAT, VARANASI, UTTAR PRADESH, INDIA"
8628331994,95726175@N00,46:29.0,18.942173,72.82339,"G ROAD (MGCM ANUVRAT MARG), 400020, MUMBAI, MAHARASHTRA, INDIA"
9688871016,91316426@N04,16:41.0,12.99823,77.622352,"ITC FACTORY, POTTERY ROAD, 560084, POTTERY ROAD, BANGALORE, BENGALURU DIVISION, INDIA"
10123045814,57673737@N00,36:44.0,25.582344,91.890816,"POLO GROUND BUS STATION, BUDDHIST TEMPLE ROAD, 793001, BUDDHIST TEMPLE ROAD, SHILLONG, MEGHALAYA, INDIA"
10123126145,57673737@N00,36:59.0,25.582344,91.890816,"POLO GROUND BUS STATION, BUDDHIST TEMPLE ROAD, 793001, BUDDHIST TEMPLE ROAD, SHILLONG, MEGHALAYA, INDIA"
10372943834,8250978@N04,02:21.0,22.72255,75.873708,"Y N ROAD BUS STOP, SHIVAJI NAGAR, 452001, SHIVAJI NAGAR, INDORE, MADHYA PRADESH, INDIA"
11619814033,51121232@N00,59:02.0,11.175091,79.810833,"TEMPLE TANK, INDIA"
12070974074,113353244@N05,52:48.0,12.308557,76.652555,"WHISKEY BAR, D. DEVARAJA URS ROAD, 570001, D. DEVARAJA URS ROAD, MYSURU, MYSURU DIVISION, INDIA"
13848210825,29486666@N00,15:03.0,9.59748,76.509638,"KOTTAYAM CHERIYAPALLY, KOTTAYAM - KUMARAKOM ROAD, 686003, KOTTAYAM - KUMARAKOM ROAD, KOTTAYAM, KERALA, INDIA"
9939216,17893695@N00,57:03.0,13.033763,80.278,"TOMB OF ST. THOMAS, SANTHOME HIGH ROAD, 600001, SANTHOME HIGH ROAD, CHENNAI, TAMIL NADU, INDIA"
35421723,21424326@N00,08:14.0,26.290567,73.019514,"CHAKSHU HOSPITAL, KATLA KA CHOWK, KATLA BAZAAR, 342001, KATLA KA CHOWK, KATLA BAZAAR, JODHPUR, RAJASTHAN, INDIA"
36209973,87306906@N00,02:11.0,17.390777,78.368225,"ROAD NO 25, 500089, TELANGANA, INDIA"
47701784,71481771@N00,27:57.0,24.691202,84.984231,"INDOSAN NIPPONJI TEMPLE, JAPANESE TEMPLE ROAD, 824231, JAPANESE TEMPLE ROAD, BODHGAYA, BIHAR, INDIA"
83617195,46927390@N00,33:47.0,26.450282,80.369517,"ALL SOULS CAWNPORE MEMORIAL CHURCH, MEMORIAL LANE, 208012, MEMORIAL LANE, KANPUR, UTTAR PRADESH, INDIA"
246536850,66084373@N00,12:03.0,9.951351,76.241168,"VELI ROAD, 682001, KOCHI, KERALA, INDIA"
302764533,52082843@N00,00:07.0,9.365062,78.840293,"18, VALLAL PARI NORTH STREET, 623504, VALLAL PARI NORTH STREET, VELIPATTINAM, TAMIL NADU, INDIA"
368009775,35078881@N00,36:25.0,25.318735,83.015527,"RABINDRANATH TAGORE ROAD, 221001, VARANASI, UTTAR PRADESH, INDIA"
397649342,43224524@N00,33:17.0,25.308183,83.01115,"DOLPHIN RESTAURANT, MEER GHAT, 221001, MEER GHAT, VARANASI, UTTAR PRADESH, INDIA"
403117260,72366900@N00,00:00.0,15.699069,73.689765,"KALACHA BEACH, INDIA"
437640606,7535686@N02,47:49.0,8.64942,76.789627,"MANJADIMOODU LEVEL CROSS, 695304, KERALA, INDIA"
554666271,89044848@N00,51:32.0,24.852562,79.92897,"KARMA HOME STAY, JAIN TEMPLE ROAD, 471505, JAIN TEMPLE ROAD, KHAJURAHO, MADHYA PRADESH, INDIA"
583525275,48889048097@N01,15:25.0,10.777367,78.671207,"TRICHY - MADURAI - TUTICORIN ROAD (OLD NH45B), 620012, TRICHY - MADURAI - TUTICORIN ROAD (OLD NH45B), TAMIL NADU, INDIA"
583840198,48889048097@N01,02:13.0,11.230855,79.728727,"HOTEL ARYAAS, SIRKAZHI BYPASS, 609101, SIRKAZHI BYPASS, KOVILPATTU, TAMIL NADU, INDIA"
611094537,89044848@N00,34:01.0,25.350483,78.647539,"RAMJI MAHAL, MAIN ROAD NEAR RIVER, 472246, MAIN ROAD NEAR RIVER, ORCHHA, MADHYA PRADESH, INDIA"
618065172,89044848@N00,54:08.0,27.174846,78.042969,"JAWAB, TAJ EAST GATE ROAD, 282006, TAJ EAST GATE ROAD, AGRA, UTTAR PRADESH, INDIA"
2093377231,21255424@N07,21:05.0,26.2948,73.034362,"STATE BANK OF INDIA, MANDORE ROAD, 342010, MANDORE ROAD, JODHPUR, RAJASTHAN, INDIA"
2192264778,21430483@N03,54:25.0,10.791236,79.130659,"AIYANKULAM TANK, 613001, INDIA"
2211554906,16306365@N00,30:43.0,25.34899,82.96875,"ANSH NEURO AND MATERNITY CENTRE, CENTRAL JAIL ROAD, 221002, CENTRAL JAIL ROAD, VARANASI, UTTAR PRADESH, INDIA"
2255818917,15271731@N00,48:41.0,28.475934,77.006177,"COLONEL'S CENTRAL ACADEMY, SECTOR 4, 120001, SECTOR 4, GURUGRAM, HARYĀNA, INDIA"
2267652403,21063397@N00,48:35.0,15.497562,73.767013,"TAJ FORT AGUADA RESORT & SPA, FORT AGUADA ROAD / AGUADA - SIOLIM ROAD, 403515, FORT AGUADA ROAD / AGUADA - SIOLIM ROAD, SINQUERIM, GOA, INDIA"
2268901395,23791860@N03,26:07.0,28.626795,77.216473,"JAI PRAKASH YANTRA, TOLSTOY MARG, 110001, TOLSTOY MARG, NEW DELHI, DELHI, INDIA"
2377293150,56685562@N00,05:15.0,15.324967,76.472933,"MONKEY CARVED INTO A ROCK (SOUTH FACING), SULE BAZAAR, 583239, SULE BAZAAR, HAMPE, KARNATAKA, INDIA"
2399863211,11124467@N02,25:44.0,12.861563,76.486571,"CHANDRAGIRI, 573135, INDIA"
2401868886,48889048097@N01,07:20.0,13.045511,80.262068,"NEW WOODLANDS, DR RADHAKRISHNAN SALAI, 600001, DR RADHAKRISHNAN SALAI, CHENNAI, TAMIL NADU, INDIA"
2411000246,10438417@N00,41:47.0,13.070522,80.25694,"CONNEMERA PUBLIC LIBRARY, PANTHEON ROAD, 600008, PANTHEON ROAD, CHENNAI, TAMIL NADU, INDIA"
2459764108,21298758@N00,38:35.0,27.175056,78.042991,"JAWAB, TAJ EAST GATE ROAD, 282006, TAJ EAST GATE ROAD, AGRA, UTTAR PRADESH, INDIA"
2520507418,10438417@N00,41:51.0,13.034484,80.269857,"NORTH MADA STREET, 600001, CHENNAI, TAMIL NADU, INDIA"
2528358974,62451331@N00,45:08.0,25.581194,91.872653,"STATE BANK OF INDIA, SHILLONG - GUWAHATI ROAD, 793001, SHILLONG - GUWAHATI ROAD, SHILLONG, MEGHALAYA, INDIA"
2589617388,25152220@N00,09:48.0,32.542471,76.069679,"LINDI BEHI, KHAJJIAR, HIMACHAL PRADESH, INDIA"
2618652576,60466964@N00,21:22.0,28.653537,77.11235,"ROAD NUMBER 28, 110027, DELHI, INDIA"
2766690424,53044163@N00,02:19.0,12.257208,76.656246,"DALAVAYI KERE, INDIA"
2783609382,48889048097@N01,47:25.0,12.967496,77.672266,"SAMRUDDHI HEALTH CARE CENTRE, 3RD MAIN ROAD, 560017, 3RD MAIN ROAD, KARNATAKA, INDIA"
2870125095,8037044@N06,07:11.0,28.363232,75.587825,"KRISHNA MARG, 333031, PILANI, RAJASTHAN, INDIA"
2895926921,97252638@N00,20:10.0,25.308721,83.011955,"APEX, MEER GHAT, 221001, MEER GHAT, VARANASI, UTTAR PRADESH, INDIA"
3240929323,28563153@N00,43:45.0,12.94911,77.587562,"GREENHOUSE, 650027, BENGALURU, BENGALURU DIVISION, INDIA"
3367774182,11124467@N02,21:41.0,30.752041,76.804695,"UTTAR MARG, 160001, CHANDIGARH, INDIA"
3396936314,11124467@N02,52:25.0,25.213655,91.961955,"MEGHALAYA, INDIA"
3401614553,11124467@N02,09:33.0,32.23258,76.324386,"DALAI LAMA TEMPLE, TEMPLE ROAD, 176200, TEMPLE ROAD, MCLEODGANJ, DHARAMSHALA, HIMACHAL PRADESH, INDIA"
3409641268,44124298927@N01,53:11.0,9.958368,76.259837,"MATTANCHERRY, JETTHY ROAD, 628002, JETTHY ROAD, KOCHI, KERALA, INDIA"
3416078170,50999605@N00,04:09.0,25.30892,83.0116,"ALAKHNANDA, MEER GHAT, 221001, MEER GHAT, VARANASI, UTTAR PRADESH, INDIA"
3424128338,21375717@N00,56:00.0,31.26733,75.695733,"144411, PUNJAB, INDIA"
3542091079,7994829@N08,17:54.0,20.111472,72.911968,"GOVT. ITI, OLD NH8, 401606, OLD NH8, TALASARI, MAHARASHTRA, INDIA"
3700382673,72155957@N00,33:44.0,28.522731,77.182012,"MEHRAULI TERMINAL, BHULBHULAIYA ROAD, 110030, BHULBHULAIYA ROAD, DELHI, INDIA"
3715697601,22098403@N00,53:58.0,27.186547,77.996578,"BALKA BASTI, 282002, AGRA, UTTAR PRADESH, INDIA"
3765009916,33834913@N00,59:07.0,28.590485,77.217514,"LODHI ROAD, 100011, DELHI, INDIA"
3897278331,32628129@N04,16:55.0,12.283816,76.666652,"THOUSAND STEPS FOOTPATH, 570001, MYSURU, KARNATAKA, INDIA"
3948840746,22853208@N05,18:38.0,27.038945,88.24768,"BURDWAN PALACE, HILL CART ROAD, 734102, HILL CART ROAD, DARJEELING, WEST BENGAL, INDIA"
3991821041,38419041@N00,49:13.0,12.978735,77.56824,"PLATFORM 7,8, OLD MYSURU ROAD, 560009, OLD MYSURU ROAD, BENGALURU, BENGALURU DIVISION, INDIA"
4026393465,39072595@N03,00:12.0,18.514121,73.841943,"KARVE ROAD, 411004, PUNE, MAHARASHTRA, INDIA"
4148943865,9643110@N08,03:04.0,10.00672,76.710319,"KERALA BANK, PAINGOTTOOR BRANCH, POTHANICAD - PAINGATTOOR RD, 686671, POTHANICAD - PAINGATTOOR RD, KOTHAMANGALAM, ERNAKULAM, KERALA, INDIA"
4222647172,14948094@N00,29:57.0,25.314235,83.007373,"DALMANDI ROAD, 221001, VARANASI, UTTAR PRADESH, INDIA"
4289495546,64087373@N00,52:20.0,26.02555,76.460208,"ZONE 1, 322021, SAWAI MADHOPUR, RAJASTHAN, INDIA"
4369920129,33037982@N04,03:28.0,15.509389,73.764653,"SUDHA'S SHACK, CASABLANCA RESORT LFNE, 403516, CASABLANCA RESORT LFNE, CANDOLIM, GOA, INDIA"
4371767208,33037982@N04,40:52.0,15.515416,73.768338,"ELECTRICITY DEPARTMENT, SEQUIERA VADDO, 403516, SEQUIERA VADDO, CANDOLIM, GOA, INDIA"
4455820171,57419996@N00,05:16.0,16.021004,75.882997,"AIHOLE MUSEUM, 587124, AIHOLE, KARNATAKA, INDIA"
4465798056,10222491@N06,32:06.0,13.860351,74.816079,"MAVINAKARU, 576220, INDIA"
4499234561,60955494@N00,00:17.0,24.695145,84.988527,"LOTUS NIKKO, DOMUHAN BODHGAYA ROAD, 824231, DOMUHAN BODHGAYA ROAD, BODHGAYA, BIHAR, INDIA"
4507946392,35967967@N02,43:15.0,34.078682,74.831485,"SAINT LUKE'S CHURCH, DRUGJAN, DAL GATE ROAD, 190008, DRUGJAN, DAL GATE ROAD, SRINAGAR, JAMMU AND KASHMIR, INDIA"
4517641308,74894751@N00,31:59.0,27.329138,88.614408,"ORANGE TOURS AND TREKS, TIBET ROAD, GANGTOK-737101, 737101, TIBET ROAD, GANGTOK-737101, GANGTOK, SIKKIM, INDIA"
4528074760,60955494@N00,02:33.0,14.546034,74.323196,"BEST THALI RESTAURANT, 581326, GOKARNA, KARNATAKA, INDIA"
5025462885,99366248@N00,00:49.0,28.61798,77.191572,"MOTHER TERESA CRESCENT, 110004, NEW DELHI, DELHI, INDIA"
5028716211,19364701@N00,20:33.0,12.420189,76.573762,"THE GARDEN CAFÉ, KRISHNARAJA SAGARA ROAD, 571606, KRISHNARAJA SAGARA ROAD, KRISHNARAJASAGARA, KARNATAKA, INDIA"
5074590910,48288451@N00,39:42.0,19.1232,72.91453,"TELECOM STAFF QUARTERS, MUMBAI, MAHARASHTRA, INDIA"
5095631246,25095063@N04,11:07.0,18.934622,72.824136,"NATURAL ICE CREAM, MARINE DRIVE, 400021, MARINE DRIVE, MUMBAI, MAHARASHTRA, INDIA"
5170639948,60586954@N00,23:26.0,20.269282,85.83985,"MAHATMA GANDHI MARG, 751000, BHUBANESWAR MUNICIPAL CORPORATION, ODISHA, INDIA"
5171225721,60586954@N00,11:08.0,19.804389,85.832276,"VIP ROAD, 752001, PURI, ODISHA, INDIA"
5171467833,60586954@N00,54:11.0,20.269282,85.83985,"MAHATMA GANDHI MARG, 751000, BHUBANESWAR MUNICIPAL CORPORATION, ODISHA, INDIA"
5297165705,56766281@N00,59:46.0,18.114447,83.398962,"VIZIANAGARAM, 535001, ANDHRA PRADESH, INDIA"
5359511678,90338469@N00,46:09.0,24.850741,79.923498,"GOA RESTAURANT, INFRON OF SHIV SAGAR LAKE, 471505, INFRON OF SHIV SAGAR LAKE, KHAJURAHO, MADHYA PRADESH, INDIA"
5360636289,90338469@N00,51:50.0,25.350929,78.647603,"RAMJI MAHAL, MAIN ROAD NEAR RIVER, 472246, MAIN ROAD NEAR RIVER, ORCHHA, MADHYA PRADESH, INDIA"
5366551520,48587703@N00,59:32.0,22.564561,72.92407,"NISHKA ENT & HEAD AND NECK SURGEON, BAKROL ROAD, 388120, BAKROL ROAD, ANAND, GUJARAT, INDIA"
5382182084,48587703@N00,57:58.0,22.487181,73.532352,"MANDVUOR CUSTOM HOUSE, 389360, GUJARAT, INDIA"
5488170631,56766281@N00,18:26.0,18.114447,83.398962,"VIZIANAGARAM, 535001, ANDHRA PRADESH, INDIA"
5522969650,37850683@N04,32:29.0,28.523129,77.185403,"GATEWAY GUEST HOUSE (METCALFE'S RETREAT), MEHRAULI ARCHEOLOGICAL PARK PATH, 110030, MEHRAULI ARCHEOLOGICAL PARK PATH, DELHI, INDIA"
5542489218,20721230@N00,27:05.0,30.74533,76.798263,"HIMALAYA MARG, 160009, CHANDIGARH, INDIA"
5607536214,60905522@N08,13:05.0,32.237488,77.170372,"MANDIR, LAMADUGH, 175131, LAMADUGH, MANALI, HIMACHAL PRADESH, INDIA"
5686346136,8003134@N02,15:42.0,26.958491,75.848751,"MAN SAGAR, 302001, INDIA"
5832108083,27526538@N07,52:35.0,12.669984,76.63496,"NARANAPURA, 571431, MELUKOTE, KARNATAKA, INDIA"
5877518696,40584328@N00,39:51.0,11.777628,78.207378,"SHIVALINGAM CLINIC, FAIR LANDS ROAD, YERCAUD, 636601, FAIR LANDS ROAD, YERCAUD, SALEM, TAMIL NADU, INDIA"
5880474352,40584328@N00,47:22.0,12.966608,77.583764,"560053, BENGALURU, BENGALURU DIVISION, INDIA"
5913232131,26548565@N02,26:11.0,30.128261,78.321833,"DR. USHA'S NIRVANA CLINIC, KRIYA YOGA LANE, 249137, KRIYA YOGA LANE, UTTARAKHAND, INDIA"
6147242884,48288451@N00,38:09.0,14.228988,74.812219,"JOG FALLS, 577435, INDIA"
6206210061,84292292@N00,17:45.0,31.104979,77.172946,"MUNICIPAL CORPORATION, REVOLI TUNNEL, 171001, REVOLI TUNNEL, MALL ROAD AREA, HIMACHAL PRADESH, INDIA"
6342705349,15237218@N00,41:24.0,19.076972,72.85128,"GRAND HYATT MUMBAI, BANDRA KURLA COMPLEX, OFF WESTERN EXPRESS HIGHWAY, 400055, BANDRA KURLA COMPLEX, OFF WESTERN EXPRESS HIGHWAY, MUMBAI, MAHARASHTRA, INDIA"
6420404409,64449147@N00,13:33.0,27.181298,78.022027,"MOTI MASJID, MINAR BAZAAR, 282003, MINAR BAZAAR, AGRA, UTTAR PRADESH, INDIA"
6706029951,84292292@N00,34:01.0,25.313474,83.015732,"BHONSALE GHAT, KAUCHARI GALI, 221001, KAUCHARI GALI, VARANASI, UTTAR PRADESH, INDIA"
6723122007,30145457@N08,05:22.0,12.311419,76.653671,"SAMASTH, KALAMMA TEMPLE STREET, 570001, KALAMMA TEMPLE STREET, MYSURU, MYSURU DIVISION, INDIA"
6735517609,45774179@N00,43:02.0,8.531533,77.124023,"ANGANWADI, NEDUMANGADU - SHORLACODE HIGHWAY, 695574, NEDUMANGADU - SHORLACODE HIGHWAY, TVM, KERALA, INDIA"
6777675784,40809617@N00,22:43.0,22.75,75.903,"HOTEL RADISSON BLU, 25,BHAGYA SHREE NAGAR SERVICE ROAD, NEAR PETROL PUMP, 452001, 25,BHAGYA SHREE NAGAR SERVICE ROAD, NEAR PETROL PUMP, INDORE, MADHYA PRADESH, INDIA"
7051219211,61871520@N03,10:38.0,28.592209,77.193975,"NEHRU PARK, INDIA"
7125934211,34838643@N00,50:03.0,26.924174,75.824997,"VRIHAT SAMRAT YANTRA, TRIPOLIA BAZAAR, 302001, TRIPOLIA BAZAAR, JAIPUR, RAJASTHAN, INDIA"
7717255062,43318334@N05,58:01.0,27.183799,77.994453,"ASHOK NAGAR, 282010, AGRA, UTTAR PRADESH, INDIA"
7792269776,61497716@N08,44:12.0,21.122995,79.051555,"VNIT ADMIN BLOCK, VNIT MAIN ROAD, 440022, VNIT MAIN ROAD, MAHARASHTRA, INDIA"
7913199114,10297667@N06,49:39.0,25.308644,83.012144,"APEX, MEER GHAT, 221001, MEER GHAT, VARANASI, UTTAR PRADESH, INDIA"
7987858274,72155957@N00,53:37.0,28.671235,77.22908,"QUDSIA BAGH, MAHATMA GANDHI MARG, 110054, MAHATMA GANDHI MARG, DELHI, INDIA"
8139197802,12050428@N08,18:02.0,21.155809,79.05828,"CP CLUB SQUARE, 440002, MAHARASHTRA, INDIA"
8172391167,55585187@N06,29:41.0,12.619799,80.190246,"OTHAVADAI STREET; KONERI ROAD, 603104, MAHABALIPURAM, TAMIL NADU, INDIA"
8175637289,17559409@N00,58:16.0,12.320549,76.658361,"ST PHILOMENA'S CHURCH, ASHOKA ROAD, 570001, ASHOKA ROAD, MYSURU, MYSURU DIVISION, INDIA"
8195393305,20721230@N00,51:00.0,27.168333,78.048833,"TAJ EAST GATE ROAD, 282001, TAJ EAST GATE ROAD, AGRA, UTTAR PRADESH, INDIA"
8299893140,22109397@N00,24:25.0,30.117067,78.303776,"SBI, 21, TILAK ROAD, RISHIKESH, 249304, 21, TILAK ROAD, RISHIKESH, UTTARAKHAND, INDIA"
8382520507,67564216@N00,59:24.0,12.967244,77.642127,"THE ANTS CAFE, 2286, , 14TH A MAIN ROAD, 1ST CROSS, 560008, , 14TH A MAIN ROAD, 1ST CROSS, BANGALORE, BENGALURU DIVISION, INDIA"
8407432396,23930118@N04,34:57.0,26.916789,70.889453,"GORBANDH PALACE, BADA BAGH ROAD, 345001, BADA BAGH ROAD, MOOLSAGAR, RAJASTHAN, INDIA"
8446147026,26621269@N00,49:02.0,28.655952,77.233663,"JALEBI WALA, KATRA MASHRU, 110006, KATRA MASHRU, DELHI, INDIA"
8479966517,62606865@N00,31:04.0,26.926111,75.81,"SHRI CHANDPOL HANUMAN MANDIR, CHANDPOL BAZAAR, 302006, CHANDPOL BAZAAR, JAIPUR, RAJASTHAN, INDIA"
8511557605,66146036@N00,00:40.0,25.308725,83.012205,"APEX, MEER GHAT, 221001, MEER GHAT, VARANASI, UTTAR PRADESH, INDIA"
8524074660,37313707@N00,05:58.0,22.260866,84.884461,"32 PEARLS DENTAL CLINIC AND ADVANCE IMPLANT CENTRE, SECTOR-20, 769014, SECTOR-20, ODHISA, INDIA"
8553232181,52250666@N02,48:46.0,9.969634,76.260192,"PRIYADARSHINI PARK, 628002, INDIA"
8557180264,36859875@N00,38:27.0,27.174666,78.0435,"JAWAB, TAJ EAST GATE ROAD, 282006, TAJ EAST GATE ROAD, AGRA, UTTAR PRADESH, INDIA"
8557479946,10340578@N06,30:26.0,25.309038,83.012455,"GANPATI, D-3/24, MEER GHAT, 221001, MEER GHAT, VARANASI, UTTAR PRADESH, INDIA"
8628331994,95726175@N00,46:29.0,18.942173,72.82339,"G ROAD (MGCM ANUVRAT MARG), 400020, MUMBAI, MAHARASHTRA, INDIA"
9688871016,91316426@N04,16:41.0,12.99823,77.622352,"ITC FACTORY, POTTERY ROAD, 560084, POTTERY ROAD, BANGALORE, BENGALURU DIVISION, INDIA"
10123045814,57673737@N00,36:44.0,25.582344,91.890816,"POLO GROUND BUS STATION, BUDDHIST TEMPLE ROAD, 793001, BUDDHIST TEMPLE ROAD, SHILLONG, MEGHALAYA, INDIA"
10123126145,57673737@N00,36:59.0,25.582344,91.890816,"POLO GROUND BUS STATION, BUDDHIST TEMPLE ROAD, 793001, BUDDHIST TEMPLE ROAD, SHILLONG, MEGHALAYA, INDIA"
10372943834,8250978@N04,02:21.0,22.72255,75.873708,"Y N ROAD BUS STOP, SHIVAJI NAGAR, 452001, SHIVAJI NAGAR, INDORE, MADHYA PRADESH, INDIA"
11619814033,51121232@N00,59:02.0,11.175091,79.810833,"TEMPLE TANK, INDIA"
12070974074,113353244@N05,52:48.0,12.308557,76.652555,"WHISKEY BAR, D. DEVARAJA URS ROAD, 570001, D. DEVARAJA URS ROAD, MYSURU, MYSURU DIVISION, INDIA"
13848210825,29486666@N00,15:03.0,9.59748,76.509638,"KOTTAYAM CHERIYAPALLY, KOTTAYAM - KUMARAKOM ROAD, 686003, KOTTAYAM - KUMARAKOM ROAD, KOTTAYAM, KERALA, INDIA"
25454455,98309550@N00,30:35.0,10.108683,77.057418,"NORTHERN OUTLET ROAD, 685612, KERALA, INDIA"
70481035,24648752@N00,41:53.0,19.063821,73.247737,"CHANDERI FORT, CHANDERI FORT-PANVEL ROUTE, CHANDERI FORT-PANVEL ROUTE, MAHARASHTRA, INDIA"
86371200,40494725@N00,56:05.0,22.571139,88.352479,"BHARAT BIRYANI, LALBAZAR STREET, 700069, LALBAZAR STREET, KOLKATA, WEST BENGAL, INDIA"
367246225,37403827@N00,14:06.0,28.669277,77.214145,"RANI JHANSI FLYOVER, 110006, DELHI, INDIA"
386829336,43646035@N00,03:57.0,18.365767,73.754653,"SINHAGAD, 411025, INDIA"
425037473,24711978@N00,40:27.0,18.915055,72.817039,"IDBI TOWER, S VASWANI ROAD, 400005, S VASWANI ROAD, MUMBAI, MAHARASHTRA, INDIA"
445906804,92026638@N00,56:56.0,12.970183,77.559356,"RAILWAY GATE KEMPAPURA, TANK BUND ROAD, 560053, TANK BUND ROAD, BENGALURU, BENGALURU DIVISION, INDIA"
484457567,63546548@N00,41:41.0,28.656474,77.23277,"GURU KIRPA RESTAURANT, CHANDNI CHOWK, 110006, CHANDNI CHOWK, DELHI, INDIA"
489551262,99644237@N00,01:31.0,12.427859,76.68148,"RUINS OF TIPPU SULTAN'S PALACE, RAILWAY STATION ROAD, 571438, RAILWAY STATION ROAD, SRIRANGAPATNA, KARNATAKA, INDIA"
516616847,68222897@N00,09:49.0,32.275812,77.175006,"GOSHAL, 175103, HIMACHAL PRADESH, INDIA"
537482778,8765969@N02,35:03.0,15.281452,76.3694,"OVERHEAD WATER TANK, COLLEGE ROAD, 583200, COLLEGE ROAD, HOSPET, KARNATAKA, INDIA"
607209067,89044848@N00,14:39.0,24.870123,80.050721,"MADHYA PRADESH, INDIA"
607415720,89044848@N00,22:21.0,24.870123,80.050721,"MADHYA PRADESH, INDIA"
612602009,89044848@N00,25:16.0,24.852562,79.92897,"KARMA HOME STAY, JAIN TEMPLE ROAD, 471505, JAIN TEMPLE ROAD, KHAJURAHO, MADHYA PRADESH, INDIA"
612622080,89044848@N00,59:59.0,24.852562,79.92897,"KARMA HOME STAY, JAIN TEMPLE ROAD, 471505, JAIN TEMPLE ROAD, KHAJURAHO, MADHYA PRADESH, INDIA"
615904063,89044848@N00,14:31.0,27.180611,78.02134,"MOTI MASJID, MINAR BAZAAR, 282003, MINAR BAZAAR, AGRA, UTTAR PRADESH, INDIA"
617291893,89044848@N00,52:49.0,27.174846,78.042969,"JAWAB, TAJ EAST GATE ROAD, 282006, TAJ EAST GATE ROAD, AGRA, UTTAR PRADESH, INDIA"
1018788808,95464641@N00,46:46.0,23.032978,72.577743,"SHREEJA KRUPA CHILDREN HOSPITAL, SHAHPUR, 380001, SHAHPUR, GUJARAT, INDIA"
1042569372,24648752@N00,45:17.0,18.722673,73.491497,"विसापूर, 410405, INDIA"
1092402352,53493424@N00,13:37.0,28.611811,77.219306,"NATIONAL MUSEUM, JANPATH, 110011, JANPATH, NEW DELHI, DELHI, INDIA"
1446375503,7399347@N05,56:35.0,18.533978,73.868293,"SHISHA CAFE, SAI RADHE ROAD, 411001, SAI RADHE ROAD, PUNE, MAHARASHTRA, INDIA"
1640492497,57704782@N00,49:33.0,24.583968,73.689422,"VAZIRPURA, 313001, UDAIPUR, RAJASTHAN, INDIA"
2093164131,21255424@N07,38:43.0,26.2948,73.034362,"STATE BANK OF INDIA, MANDORE ROAD, 342010, MANDORE ROAD, JODHPUR, RAJASTHAN, INDIA"
2093203643,21255424@N07,19:22.0,27.177843,78.008422,"COLLECTORATE, AGRA, UTTAR PRADESH, INDIA"
2268539106,21063397@N00,21:07.0,15.497562,73.767013,"TAJ FORT AGUADA RESORT & SPA, FORT AGUADA ROAD / AGUADA - SIOLIM ROAD, 403515, FORT AGUADA ROAD / AGUADA - SIOLIM ROAD, SINQUERIM, GOA, INDIA"
2288115252,21932201@N04,19:36.0,12.878904,74.851366,"KUDUMAL RANGA RAO ROAD, 575001, MANGALURU, MYSURU DIVISION, INDIA"
2304472472,42389268@N00,56:19.0,15.495536,73.824348,"HOTEL MANOSHANTI, DR DADA VAIDYA ROAD, 403001, DR DADA VAIDYA ROAD, PANAJI, GOA, INDIA"
2308137575,42389268@N00,25:08.0,15.577486,73.802204,"ABAIXO VADDO, 403510, CANCA, GOA, INDIA"
2401547448,28238346@N00,48:40.0,12.990005,77.58605,"EMBASSY ZENITH (U/C), 28, SANKEY ROAD, 560062, SANKEY ROAD, BENGALURU, INDIA"
2720973764,61009686@N00,08:17.0,33.973813,76.901561,"SINGE LA, INDIA"
2898184384,72155957@N00,15:47.0,28.524967,77.185692,"QUWWATUL ISLAM MASJID, QUTUB MINAR COMPLEX RD, SETH SARAI, MEHRAULI, NEW DELHI, 110030, QUTUB MINAR COMPLEX RD, SETH SARAI, MEHRAULI, NEW DELHI, DELHI, DELHI, INDIA"
2911815842,96901169@N00,32:00.0,17.439587,78.481521,"BAPU BAGH, TELANGANA, INDIA"
3189653451,11904526@N00,07:41.0,9.972559,76.278333,"ERNAKULAM BOAT JETTY, BOAT JETTY ROAD, 682011, BOAT JETTY ROAD, ERNAKULAM, KERALA, INDIA"
3222879099,89044848@N00,32:32.0,12.301914,76.667404,"LION-TAILED MACAQUES, 570001, MYSURU, MYSURU DIVISION, INDIA"
3230859290,24574470@N00,11:58.0,15.549787,73.763494,"UNION BANK OF INDIA, CALANGUTE ARPORA ROAD, 403516, CALANGUTE ARPORA ROAD, CALANGUTE, GOA, INDIA"
3328584141,11124467@N02,06:20.0,20.460965,72.886281,"396210, DAMAN, DADRA AND NAGAR HAVELI AND DAMAN AND DIU, INDIA"
3410535669,11124467@N02,34:17.0,33.361036,78.323238,"FREE BATHS, CHUMATHANG, LADAKH, INDIA"
3761103260,81102241@N00,15:06.0,15.327234,76.46759,"MATANGA HILL, 583239, INDIA"
3826891164,32859046@N05,32:06.0,9.504561,76.353435,"LAKE CHAPEL, NEHRUTROPHY, 688001, NEHRUTROPHY, ALAPPUZHA, KERALA, INDIA"
3914783409,62274725@N00,23:27.0,12.950035,77.5862,"LALBAGH GLASSHOUSE, 572161, BENGALURU, BENGALURU DIVISION, INDIA"
4015764342,29480496@N05,23:36.0,16.993591,73.270568,"LAKSHMI SADAN, MIRKARWADA VILLAGE ROAD, 415612, MIRKARWADA VILLAGE ROAD, RATNAGIRI, MAHARASHTRA, INDIA"
4018007433,15315685@N00,57:25.0,15.3567,75.121078,"TATWADARSHA MULTISPECIALTY HOSPITAL, GOKUL ROAD / AIRPORT ROAD, 580020, GOKUL ROAD / AIRPORT ROAD, HUBLI, KARNATAKA, INDIA"
4044717306,68222897@N00,15:11.0,32.112261,77.167322,"JIO, AIRTEL, IDEA, NAGGAR JANA ROAD, 175104, NAGGAR JANA ROAD, NASHALA, HIMACHAL PRADESH, INDIA"
4055006831,12664097@N04,48:28.0,13.051406,80.283021,"MARINA BEACH, 600001, INDIA"
4066187091,29480496@N05,51:44.0,16.993591,73.270568,"LAKSHMI SADAN, MIRKARWADA VILLAGE ROAD, 415612, MIRKARWADA VILLAGE ROAD, RATNAGIRI, MAHARASHTRA, INDIA"
4280428293,46643494@N06,22:46.0,18.942497,72.83575,"CSMT, CSMT, 400038, CSMT, MUMBAI, MAHARASHTRA, INDIA"
4294199381,84079543@N00,32:12.0,15.118861,78.12395,"BELUM, 518123, ANDHRA PRADESH, INDIA"
4336610444,60955494@N00,01:54.0,25.382727,83.024024,"DEER PARK, DHARMAPALA ROAD, 221007, DHARMAPALA ROAD, SARNATH, UTTAR PRADESH, INDIA"
4507137329,60955494@N00,28:51.0,25.33813,82.994842,"PRACHIN SHRI CHAURA MATA MANDIR, MAKBUL ALAN ROAD, 221002, MAKBUL ALAN ROAD, VARANASI, UTTAR PRADESH, INDIA"
4545549543,41176276@N00,08:34.0,26.901673,75.80767,"RAMBAGH GOLF CLUB, BHAGWANDAS ROAD, 302001, BHAGWANDAS ROAD, JAIPUR MUNICIPAL CORPORATION, RAJASTHAN, INDIA"
4662687362,9720378@N06,10:54.0,17.926475,73.569431,"SHRI RAMVARDAYINI MANDIR, PRATAPGAD-KUDPAN, PRATAPGAD-KUDPAN, MAHARASHTRA, INDIA"
4692260734,57419996@N00,17:15.0,28.524737,77.185242,"QUWWATUL ISLAM MASJID, QUTUB MINAR COMPLEX RD, SETH SARAI, MEHRAULI, NEW DELHI, 110030, QUTUB MINAR COMPLEX RD, SETH SARAI, MEHRAULI, NEW DELHI, DELHI, DELHI, INDIA"
5025584609,61173416@N00,53:33.0,13.10799,77.578277,"YELAHANKA INDUSTRIAL ESTATE, BENGALURU DIVISION, INDIA"
5047751391,16418833@N00,53:10.0,28.655509,77.230049,"CHEL PURI, 110006, DELHI, INDIA"
5095668327,25473113@N08,20:29.0,26.913651,75.793819,"CHARIS CAFE, 18, AJMER PULIA, 302001, AJMER PULIA, JAIPUR MUNICIPAL CORPORATION, RAJASTHAN, INDIA"
5175487410,39790692@N05,24:47.0,17.484352,78.371744,"SRILA PARK LINK ROAD, 500071, TELANGANA, INDIA"
5184419817,66741113@N00,15:18.0,17.443251,78.487486,"PARADISE CROSSROADS, SARDAR PATEL ROAD, 500003, SARDAR PATEL ROAD, TELANGANA, INDIA"
5202657248,46293521@N04,14:12.0,26.986732,75.850993,"JALEB CHOWK, 303101, RAJASTHAN, INDIA"
5224105342,81073027@N00,55:07.0,13.01234,80.221374,"ANNA SALAI (MOUNT ROAD), 600001, CHENNAI, TAMIL NADU, INDIA"
5882674232,40584328@N00,03:56.0,12.980743,77.624995,"AAVISHKAR ACADEMY, SATHYANARAYANA TEMPLE STREET, 560042, SATHYANARAYANA TEMPLE STREET, BENGALURU, BENGALURU DIVISION, INDIA"
5891748325,40584328@N00,20:40.0,12.97424,77.612078,"NAMMA METRO - REACH 1, DICKENSON ROAD, 560042, DICKENSON ROAD, BENGALURU, BENGALURU DIVISION, INDIA"
6133405354,72155957@N00,22:24.0,32.561254,76.13079,"TEMPLE, CHAMBA PATHANKOT ROAD, 176310, CHAMBA PATHANKOT ROAD, CHAMBA, HIMACHAL PRADESH, INDIA"
6162066484,56017663@N03,56:57.0,13.005143,80.266284,"WARD 176, 600001, CHENNAI, TAMIL NADU, INDIA"
6175098715,53628484@N00,39:41.0,12.9735,77.621833,"HYATT, KOLI STREET, 560042, KOLI STREET, BENGALURU, KARNATAKA, INDIA"
6269367879,25095063@N04,21:24.0,15.5618,73.748666,"WEATHER SPOON, CALANGUTE BAGA ROAD, 403518, CALANGUTE BAGA ROAD, GOA, GOA, INDIA"
6339335849,28552823@N02,07:30.0,26.481021,74.560346,"THE PINEAPPLE EXPRESS HOSTEL, 5 SAMARIYA COLONY JA­MNI KUND ROAD, 305022, 5 SAMARIYA COLONY JA­MNI KUND ROAD, PUSHKAR, RAJASTHAN, INDIA"
6774624822,47244420@N04,45:19.0,17.49479,78.413393,"MANA HOSPITALS, VIVEKANANDA NAGAR ROAD, 500072, VIVEKANANDA NAGAR ROAD, HYDERABAD, TELANGANA, INDIA"
6787472916,49235175@N02,46:06.0,12.322057,75.893125,"DRIVER'S PARKING, KARIDIGODU, SIDDAPUR, 571253, KARIDIGODU, SIDDAPUR, KODAGU, KARNATAKA, INDIA"
6795664507,80209127@N00,27:26.0,8.507656,76.886616,"HORSE RIDING, FLOATING BRIDGE, 695001, FLOATING BRIDGE, THIRUVANANTHAPURAM, KERALA, INDIA"
6799641682,79476731@N00,10:47.0,10.096822,76.284166,"VISWA DEEPTHI VIDYALAYA PLAYGROUND, KOONAMMAVU - PAATHALAM ROAD, 683525, KOONAMMAVU - PAATHALAM ROAD, ERNAKULAM, KERALA, INDIA"
6862657266,68151052@N03,20:27.0,13.030183,78.355127,"BANGARU THIRUPATHI TEMPLE, MULABAGILU-K.G.F ROAD, 563131, MULABAGILU-K.G.F ROAD, ANGONDAHALLI, KARNATAKA, INDIA"
6958387113,28552823@N02,20:55.0,26.231838,78.180942,"PRASAD NURSING HOME, GWALIOR, PADAAV PUL, 474003, PADAAV PUL, MADHYA PRADESH, INDIA"
7121050751,9288799@N02,34:29.0,28.593333,77.25,"HUMAYUN'S TOMB, WARD NUMBER 142, 110013, WARD NUMBER 142, DELHI, DELHI, INDIA"
7168724592,74821492@N00,01:17.0,13.060422,80.24958,"KHADER NAWAZ KHAN ROAD, 600001, CHENNAI, TAMIL NADU, INDIA"
7487737352,84013956@N00,10:37.0,17.383683,78.400161,"RAMDAS JAIL, OPP: GOLKONDA FORT, 500048, OPP: GOLKONDA FORT, TELANGANA, INDIA"
7529246964,8796403@N06,06:49.0,30.733299,78.439903,"JEEP STAND, 249193, UTTAR KASHI, UTTARAKHAND, INDIA"
8105208300,37313707@N00,07:25.0,22.259308,84.865361,"MEDKIND DENTAL CLINIC, RING ROAD, 769005, RING ROAD, ODISHA, INDIA"
8237322038,46273880@N00,45:49.0,23.255061,77.397255,"VIP ROAD, 462001, BHOPAL, MADHYA PRADESH, INDIA"
8242737973,60474555@N00,58:54.0,13.157719,75.495644,"577171, BALUR HANDPOST, KARNATAKA, INDIA"
8270851333,51035643000@N01,53:33.0,28.661068,77.235946,"LOTHIYAN ROAD, 110006, DELHI, INDIA"
8471826515,8796403@N06,25:14.0,25.430134,81.883335,"AKBAR FORT, 211001, AKBAR FORT, PRAYAGRAJ, UTTAR PRADESH, INDIA"
8507650100,41222366@N00,41:05.0,13.011142,80.007883,"CHOKHI DHANI, CHENNAI - BANGALORE, 602117, CHENNAI - BANGALORE, THANDALAM, TAMIL NADU, INDIA"
8552042067,52250666@N02,11:53.0,9.969634,76.260192,"PRIYADARSHINI PARK, 628002, INDIA"
8781592501,64061631@N06,46:32.0,19.062361,72.828197,"SKYPER, PALI MARKET ROAD, 400050, PALI MARKET ROAD, MUMBAI, MAHARASHTRA, INDIA"
8944456882,96918448@N08,00:03.0,11.875688,75.864722,"AKKARE KOTTIYOOR TEMPLE, AKKARE KOTTIYOOR TEMPLE LANE, 670651, AKKARE KOTTIYOOR TEMPLE LANE, KOTTIYOOR, KERALA, INDIA"
9394321608,86292040@N00,56:33.0,18.946,72.7935,"BANGANGA LANE, 400006, MUMBAI, MAHARASHTRA, INDIA"
9554005407,62453359@N02,26:51.0,26.273885,73.028869,"RATAN VILAS, PUBLIC ROAD, 342011, PUBLIC ROAD, JODHPUR, RAJASTHAN, INDIA"
9673429595,9339226@N03,55:14.0,25.600741,91.885356,"FAMILY DENTAL CARE, MARWROH, 793008, MARWROH, SHILLONG, MEGHALAYA, INDIA"
9688957337,95012188@N02,15:21.0,34.116047,75.948636,"BAGHPA, PANIKHAR, LADAKH, INDIA"
10686938023,93382693@N00,58:16.0,27.192855,78.031328,"TOMB OF ITIMAD UD DAULAH, 282003, AGRA, UTTAR PRADESH, INDIA"
12014823715,8734876@N07,04:01.0,11.940968,79.829041,"HOTEL ANANDHA HERITAGE, PERUMAL KOVIL STREET, 605001, PERUMAL KOVIL STREET, PUDUCHERRY, PUDUCHERRY, INDIA"
12207672576,41073622@N06,00:11.0,13.054366,80.156152,"CHENNAI BYPASS EXPRESSWAY, 600095, TAMIL NADU, INDIA"
12901719373,29780116@N03,06:52.0,28.598737,77.1914,"BRITISH EMBASSY, SHANTI PATH, 110021, SHANTI PATH, NEW DELHI, DELHI, INDIA"
12938823204,44124380238@N01,16:07.0,18.931136,72.835341,"ALLAHABAD BANK, SHAHID BHAGAT SINGH MARG, 400038, SHAHID BHAGAT SINGH MARG, MUMBAI, MAHARASHTRA, INDIA"
9939216,17893695@N00,57:03.0,13.033763,80.278,"TOMB OF ST. THOMAS, SANTHOME HIGH ROAD, 600001, SANTHOME HIGH ROAD, CHENNAI, TAMIL NADU, INDIA"
35421723,21424326@N00,08:14.0,26.290567,73.019514,"CHAKSHU HOSPITAL, KATLA KA CHOWK, KATLA BAZAAR, 342001, KATLA KA CHOWK, KATLA BAZAAR, JODHPUR, RAJASTHAN, INDIA"
36209973,87306906@N00,02:11.0,17.390777,78.368225,"ROAD NO 25, 500089, TELANGANA, INDIA"
47701784,71481771@N00,27:57.0,24.691202,84.984231,"INDOSAN NIPPONJI TEMPLE, JAPANESE TEMPLE ROAD, 824231, JAPANESE TEMPLE ROAD, BODHGAYA, BIHAR, INDIA"
83617195,46927390@N00,33:47.0,26.450282,80.369517,"ALL SOULS CAWNPORE MEMORIAL CHURCH, MEMORIAL LANE, 208012, MEMORIAL LANE, KANPUR, UTTAR PRADESH, INDIA"
246536850,66084373@N00,12:03.0,9.951351,76.241168,"VELI ROAD, 682001, KOCHI, KERALA, INDIA"
302764533,52082843@N00,00:07.0,9.365062,78.840293,"18, VALLAL PARI NORTH STREET, 623504, VALLAL PARI NORTH STREET, VELIPATTINAM, TAMIL NADU, INDIA"
368009775,35078881@N00,36:25.0,25.318735,83.015527,"RABINDRANATH TAGORE ROAD, 221001, VARANASI, UTTAR PRADESH, INDIA"
397649342,43224524@N00,33:17.0,25.308183,83.01115,"DOLPHIN RESTAURANT, MEER GHAT, 221001, MEER GHAT, VARANASI, UTTAR PRADESH, INDIA"
403117260,72366900@N00,00:00.0,15.699069,73.689765,"KALACHA BEACH, INDIA"
437640606,7535686@N02,47:49.0,8.64942,76.789627,"MANJADIMOODU LEVEL CROSS, 695304, KERALA, INDIA"
554666271,89044848@N00,51:32.0,24.852562,79.92897,"KARMA HOME STAY, JAIN TEMPLE ROAD, 471505, JAIN TEMPLE ROAD, KHAJURAHO, MADHYA PRADESH, INDIA"
583525275,48889048097@N01,15:25.0,10.777367,78.671207,"TRICHY - MADURAI - TUTICORIN ROAD (OLD NH45B), 620012, TRICHY - MADURAI - TUTICORIN ROAD (OLD NH45B), TAMIL NADU, INDIA"
583840198,48889048097@N01,02:13.0,11.230855,79.728727,"HOTEL ARYAAS, SIRKAZHI BYPASS, 609101, SIRKAZHI BYPASS, KOVILPATTU, TAMIL NADU, INDIA"
611094537,89044848@N00,34:01.0,25.350483,78.647539,"RAMJI MAHAL, MAIN ROAD NEAR RIVER, 472246, MAIN ROAD NEAR RIVER, ORCHHA, MADHYA PRADESH, INDIA"
618065172,89044848@N00,54:08.0,27.174846,78.042969,"JAWAB, TAJ EAST GATE ROAD, 282006, TAJ EAST GATE ROAD, AGRA, UTTAR PRADESH, INDIA"
2093377231,21255424@N07,21:05.0,26.2948,73.034362,"STATE BANK OF INDIA, MANDORE ROAD, 342010, MANDORE ROAD, JODHPUR, RAJASTHAN, INDIA"
2192264778,21430483@N03,54:25.0,10.791236,79.130659,"AIYANKULAM TANK, 613001, INDIA"
2211554906,16306365@N00,30:43.0,25.34899,82.96875,"ANSH NEURO AND MATERNITY CENTRE, CENTRAL JAIL ROAD, 221002, CENTRAL JAIL ROAD, VARANASI, UTTAR PRADESH, INDIA"
2255818917,15271731@N00,48:41.0,28.475934,77.006177,"COLONEL'S CENTRAL ACADEMY, SECTOR 4, 120001, SECTOR 4, GURUGRAM, HARYĀNA, INDIA"
2267652403,21063397@N00,48:35.0,15.497562,73.767013,"TAJ FORT AGUADA RESORT & SPA, FORT AGUADA ROAD / AGUADA - SIOLIM ROAD, 403515, FORT AGUADA ROAD / AGUADA - SIOLIM ROAD, SINQUERIM, GOA, INDIA"
2268901395,23791860@N03,26:07.0,28.626795,77.216473,"JAI PRAKASH YANTRA, TOLSTOY MARG, 110001, TOLSTOY MARG, NEW DELHI, DELHI, INDIA"
2377293150,56685562@N00,05:15.0,15.324967,76.472933,"MONKEY CARVED INTO A ROCK (SOUTH FACING), SULE BAZAAR, 583239, SULE BAZAAR, HAMPE, KARNATAKA, INDIA"
2399863211,11124467@N02,25:44.0,12.861563,76.486571,"CHANDRAGIRI, 573135, INDIA"
2401868886,48889048097@N01,07:20.0,13.045511,80.262068,"NEW WOODLANDS, DR RADHAKRISHNAN SALAI, 600001, DR RADHAKRISHNAN SALAI, CHENNAI, TAMIL NADU, INDIA"
2411000246,10438417@N00,41:47.0,13.070522,80.25694,"CONNEMERA PUBLIC LIBRARY, PANTHEON ROAD, 600008, PANTHEON ROAD, CHENNAI, TAMIL NADU, INDIA"
2459764108,21298758@N00,38:35.0,27.175056,78.042991,"JAWAB, TAJ EAST GATE ROAD, 282006, TAJ EAST GATE ROAD, AGRA, UTTAR PRADESH, INDIA"
2520507418,10438417@N00,41:51.0,13.034484,80.269857,"NORTH MADA STREET, 600001, CHENNAI, TAMIL NADU, INDIA"
2528358974,62451331@N00,45:08.0,25.581194,91.872653,"STATE BANK OF INDIA, SHILLONG - GUWAHATI ROAD, 793001, SHILLONG - GUWAHATI ROAD, SHILLONG, MEGHALAYA, INDIA"
2589617388,25152220@N00,09:48.0,32.542471,76.069679,"LINDI BEHI, KHAJJIAR, HIMACHAL PRADESH, INDIA"
2618652576,60466964@N00,21:22.0,28.653537,77.11235,"ROAD NUMBER 28, 110027, DELHI, INDIA"
2766690424,53044163@N00,02:19.0,12.257208,76.656246,"DALAVAYI KERE, INDIA"
2783609382,48889048097@N01,47:25.0,12.967496,77.672266,"SAMRUDDHI HEALTH CARE CENTRE, 3RD MAIN ROAD, 560017, 3RD MAIN ROAD, KARNATAKA, INDIA"
2870125095,8037044@N06,07:11.0,28.363232,75.587825,"KRISHNA MARG, 333031, PILANI, RAJASTHAN, INDIA"
2895926921,97252638@N00,20:10.0,25.308721,83.011955,"APEX, MEER GHAT, 221001, MEER GHAT, VARANASI, UTTAR PRADESH, INDIA"
3240929323,28563153@N00,43:45.0,12.94911,77.587562,"GREENHOUSE, 650027, BENGALURU, BENGALURU DIVISION, INDIA"
3367774182,11124467@N02,21:41.0,30.752041,76.804695,"UTTAR MARG, 160001, CHANDIGARH, INDIA"
3396936314,11124467@N02,52:25.0,25.213655,91.961955,"MEGHALAYA, INDIA"
3401614553,11124467@N02,09:33.0,32.23258,76.324386,"DALAI LAMA TEMPLE, TEMPLE ROAD, 176200, TEMPLE ROAD, MCLEODGANJ, DHARAMSHALA, HIMACHAL PRADESH, INDIA"
3409641268,44124298927@N01,53:11.0,9.958368,76.259837,"MATTANCHERRY, JETTHY ROAD, 628002, JETTHY ROAD, KOCHI, KERALA, INDIA"
3416078170,50999605@N00,04:09.0,25.30892,83.0116,"ALAKHNANDA, MEER GHAT, 221001, MEER GHAT, VARANASI, UTTAR PRADESH, INDIA"
3424128338,21375717@N00,56:00.0,31.26733,75.695733,"144411, PUNJAB, INDIA"
3542091079,7994829@N08,17:54.0,20.111472,72.911968,"GOVT. ITI, OLD NH8, 401606, OLD NH8, TALASARI, MAHARASHTRA, INDIA"
3700382673,72155957@N00,33:44.0,28.522731,77.182012,"MEHRAULI TERMINAL, BHULBHULAIYA ROAD, 110030, BHULBHULAIYA ROAD, DELHI, INDIA"
3715697601,22098403@N00,53:58.0,27.186547,77.996578,"BALKA BASTI, 282002, AGRA, UTTAR PRADESH, INDIA"
3765009916,33834913@N00,59:07.0,28.590485,77.217514,"LODHI ROAD, 100011, DELHI, INDIA"
3897278331,32628129@N04,16:55.0,12.283816,76.666652,"THOUSAND STEPS FOOTPATH, 570001, MYSURU, KARNATAKA, INDIA"
3948840746,22853208@N05,18:38.0,27.038945,88.24768,"BURDWAN PALACE, HILL CART ROAD, 734102, HILL CART ROAD, DARJEELING, WEST BENGAL, INDIA"
3991821041,38419041@N00,49:13.0,12.978735,77.56824,"PLATFORM 7,8, OLD MYSURU ROAD, 560009, OLD MYSURU ROAD, BENGALURU, BENGALURU DIVISION, INDIA"
4026393465,39072595@N03,00:12.0,18.514121,73.841943,"KARVE ROAD, 411004, PUNE, MAHARASHTRA, INDIA"
4148943865,9643110@N08,03:04.0,10.00672,76.710319,"KERALA BANK, PAINGOTTOOR BRANCH, POTHANICAD - PAINGATTOOR RD, 686671, POTHANICAD - PAINGATTOOR RD, KOTHAMANGALAM, ERNAKULAM, KERALA, INDIA"
4222647172,14948094@N00,29:57.0,25.314235,83.007373,"DALMANDI ROAD, 221001, VARANASI, UTTAR PRADESH, INDIA"
4289495546,64087373@N00,52:20.0,26.02555,76.460208,"ZONE 1, 322021, SAWAI MADHOPUR, RAJASTHAN, INDIA"
4369920129,33037982@N04,03:28.0,15.509389,73.764653,"SUDHA'S SHACK, CASABLANCA RESORT LFNE, 403516, CASABLANCA RESORT LFNE, CANDOLIM, GOA, INDIA"
4371767208,33037982@N04,40:52.0,15.515416,73.768338,"ELECTRICITY DEPARTMENT, SEQUIERA VADDO, 403516, SEQUIERA VADDO, CANDOLIM, GOA, INDIA"
4455820171,57419996@N00,05:16.0,16.021004,75.882997,"AIHOLE MUSEUM, 587124, AIHOLE, KARNATAKA, INDIA"
4465798056,10222491@N06,32:06.0,13.860351,74.816079,"MAVINAKARU, 576220, INDIA"
4499234561,60955494@N00,00:17.0,24.695145,84.988527,"LOTUS NIKKO, DOMUHAN BODHGAYA ROAD, 824231, DOMUHAN BODHGAYA ROAD, BODHGAYA, BIHAR, INDIA"
4507946392,35967967@N02,43:15.0,34.078682,74.831485,"SAINT LUKE'S CHURCH, DRUGJAN, DAL GATE ROAD, 190008, DRUGJAN, DAL GATE ROAD, SRINAGAR, JAMMU AND KASHMIR, INDIA"
4517641308,74894751@N00,31:59.0,27.329138,88.614408,"ORANGE TOURS AND TREKS, TIBET ROAD, GANGTOK-737101, 737101, TIBET ROAD, GANGTOK-737101, GANGTOK, SIKKIM, INDIA"
4528074760,60955494@N00,02:33.0,14.546034,74.323196,"BEST THALI RESTAURANT, 581326, GOKARNA, KARNATAKA, INDIA"
5025462885,99366248@N00,00:49.0,28.61798,77.191572,"MOTHER TERESA CRESCENT, 110004, NEW DELHI, DELHI, INDIA"
5028716211,19364701@N00,20:33.0,12.420189,76.573762,"THE GARDEN CAFÉ, KRISHNARAJA SAGARA ROAD, 571606, KRISHNARAJA SAGARA ROAD, KRISHNARAJASAGARA, KARNATAKA, INDIA"
5074590910,48288451@N00,39:42.0,19.1232,72.91453,"TELECOM STAFF QUARTERS, MUMBAI, MAHARASHTRA, INDIA"
5095631246,25095063@N04,11:07.0,18.934622,72.824136,"NATURAL ICE CREAM, MARINE DRIVE, 400021, MARINE DRIVE, MUMBAI, MAHARASHTRA, INDIA"
5170639948,60586954@N00,23:26.0,20.269282,85.83985,"MAHATMA GANDHI MARG, 751000, BHUBANESWAR MUNICIPAL CORPORATION, ODISHA, INDIA"
5171225721,60586954@N00,11:08.0,19.804389,85.832276,"VIP ROAD, 752001, PURI, ODISHA, INDIA"
5171467833,60586954@N00,54:11.0,20.269282,85.83985,"MAHATMA GANDHI MARG, 751000, BHUBANESWAR MUNICIPAL CORPORATION, ODISHA, INDIA"
5297165705,56766281@N00,59:46.0,18.114447,83.398962,"VIZIANAGARAM, 535001, ANDHRA PRADESH, INDIA"
5359511678,90338469@N00,46:09.0,24.850741,79.923498,"GOA RESTAURANT, INFRON OF SHIV SAGAR LAKE, 471505, INFRON OF SHIV SAGAR LAKE, KHAJURAHO, MADHYA PRADESH, INDIA"
5360636289,90338469@N00,51:50.0,25.350929,78.647603,"RAMJI MAHAL, MAIN ROAD NEAR RIVER, 472246, MAIN ROAD NEAR RIVER, ORCHHA, MADHYA PRADESH, INDIA"
5366551520,48587703@N00,59:32.0,22.564561,72.92407,"NISHKA ENT & HEAD AND NECK SURGEON, BAKROL ROAD, 388120, BAKROL ROAD, ANAND, GUJARAT, INDIA"
5382182084,48587703@N00,57:58.0,22.487181,73.532352,"MANDVUOR CUSTOM HOUSE, 389360, GUJARAT, INDIA"
5488170631,56766281@N00,18:26.0,18.114447,83.398962,"VIZIANAGARAM, 535001, ANDHRA PRADESH, INDIA"
5522969650,37850683@N04,32:29.0,28.523129,77.185403,"GATEWAY GUEST HOUSE (METCALFE'S RETREAT), MEHRAULI ARCHEOLOGICAL PARK PATH, 110030, MEHRAULI ARCHEOLOGICAL PARK PATH, DELHI, INDIA"
5542489218,20721230@N00,27:05.0,30.74533,76.798263,"HIMALAYA MARG, 160009, CHANDIGARH, INDIA"
5607536214,60905522@N08,13:05.0,32.237488,77.170372,"MANDIR, LAMADUGH, 175131, LAMADUGH, MANALI, HIMACHAL PRADESH, INDIA"
5686346136,8003134@N02,15:42.0,26.958491,75.848751,"MAN SAGAR, 302001, INDIA"
5832108083,27526538@N07,52:35.0,12.669984,76.63496,"NARANAPURA, 571431, MELUKOTE, KARNATAKA, INDIA"
5877518696,40584328@N00,39:51.0,11.777628,78.207378,"SHIVALINGAM CLINIC, FAIR LANDS ROAD, YERCAUD, 636601, FAIR LANDS ROAD, YERCAUD, SALEM, TAMIL NADU, INDIA"
5880474352,40584328@N00,47:22.0,12.966608,77.583764,"560053, BENGALURU, BENGALURU DIVISION, INDIA"
5913232131,26548565@N02,26:11.0,30.128261,78.321833,"DR. USHA'S NIRVANA CLINIC, KRIYA YOGA LANE, 249137, KRIYA YOGA LANE, UTTARAKHAND, INDIA"
6147242884,48288451@N00,38:09.0,14.228988,74.812219,"JOG FALLS, 577435, INDIA"
6206210061,84292292@N00,17:45.0,31.104979,77.172946,"MUNICIPAL CORPORATION, REVOLI TUNNEL, 171001, REVOLI TUNNEL, MALL ROAD AREA, HIMACHAL PRADESH, INDIA"
6342705349,15237218@N00,41:24.0,19.076972,72.85128,"GRAND HYATT MUMBAI, BANDRA KURLA COMPLEX, OFF WESTERN EXPRESS HIGHWAY, 400055, BANDRA KURLA COMPLEX, OFF WESTERN EXPRESS HIGHWAY, MUMBAI, MAHARASHTRA, INDIA"
6420404409,64449147@N00,13:33.0,27.181298,78.022027,"MOTI MASJID, MINAR BAZAAR, 282003, MINAR BAZAAR, AGRA, UTTAR PRADESH, INDIA"
6706029951,84292292@N00,34:01.0,25.313474,83.015732,"BHONSALE GHAT, KAUCHARI GALI, 221001, KAUCHARI GALI, VARANASI, UTTAR PRADESH, INDIA"
6723122007,30145457@N08,05:22.0,12.311419,76.653671,"SAMASTH, KALAMMA TEMPLE STREET, 570001, KALAMMA TEMPLE STREET, MYSURU, MYSURU DIVISION, INDIA"
6735517609,45774179@N00,43:02.0,8.531533,77.124023,"ANGANWADI, NEDUMANGADU - SHORLACODE HIGHWAY, 695574, NEDUMANGADU - SHORLACODE HIGHWAY, TVM, KERALA, INDIA"
6777675784,40809617@N00,22:43.0,22.75,75.903,"HOTEL RADISSON BLU, 25,BHAGYA SHREE NAGAR SERVICE ROAD, NEAR PETROL PUMP, 452001, 25,BHAGYA SHREE NAGAR SERVICE ROAD, NEAR PETROL PUMP, INDORE, MADHYA PRADESH, INDIA"
7051219211,61871520@N03,10:38.0,28.592209,77.193975,"NEHRU PARK, INDIA"
7125934211,34838643@N00,50:03.0,26.924174,75.824997,"VRIHAT SAMRAT YANTRA, TRIPOLIA BAZAAR, 302001, TRIPOLIA BAZAAR, JAIPUR, RAJASTHAN, INDIA"
7717255062,43318334@N05,58:01.0,27.183799,77.994453,"ASHOK NAGAR, 282010, AGRA, UTTAR PRADESH, INDIA"
7792269776,61497716@N08,44:12.0,21.122995,79.051555,"VNIT ADMIN BLOCK, VNIT MAIN ROAD, 440022, VNIT MAIN ROAD, MAHARASHTRA, INDIA"
7913199114,10297667@N06,49:39.0,25.308644,83.012144,"APEX, MEER GHAT, 221001, MEER GHAT, VARANASI, UTTAR PRADESH, INDIA"
7987858274,72155957@N00,53:37.0,28.671235,77.22908,"QUDSIA BAGH, MAHATMA GANDHI MARG, 110054, MAHATMA GANDHI MARG, DELHI, INDIA"
8139197802,12050428@N08,18:02.0,21.155809,79.05828,"CP CLUB SQUARE, 440002, MAHARASHTRA, INDIA"
8172391167,55585187@N06,29:41.0,12.619799,80.190246,"OTHAVADAI STREET; KONERI ROAD, 603104, MAHABALIPURAM, TAMIL NADU, INDIA"
8175637289,17559409@N00,58:16.0,12.320549,76.658361,"ST PHILOMENA'S CHURCH, ASHOKA ROAD, 570001, ASHOKA ROAD, MYSURU, MYSURU DIVISION, INDIA"
8195393305,20721230@N00,51:00.0,27.168333,78.048833,"TAJ EAST GATE ROAD, 282001, TAJ EAST GATE ROAD, AGRA, UTTAR PRADESH, INDIA"
8299893140,22109397@N00,24:25.0,30.117067,78.303776,"SBI, 21, TILAK ROAD, RISHIKESH, 249304, 21, TILAK ROAD, RISHIKESH, UTTARAKHAND, INDIA"
8382520507,67564216@N00,59:24.0,12.967244,77.642127,"THE ANTS CAFE, 2286, , 14TH A MAIN ROAD, 1ST CROSS, 560008, , 14TH A MAIN ROAD, 1ST CROSS, BANGALORE, BENGALURU DIVISION, INDIA"
8407432396,23930118@N04,34:57.0,26.916789,70.889453,"GORBANDH PALACE, BADA BAGH ROAD, 345001, BADA BAGH ROAD, MOOLSAGAR, RAJASTHAN, INDIA"
8446147026,26621269@N00,49:02.0,28.655952,77.233663,"JALEBI WALA, KATRA MASHRU, 110006, KATRA MASHRU, DELHI, INDIA"
8479966517,62606865@N00,31:04.0,26.926111,75.81,"SHRI CHANDPOL HANUMAN MANDIR, CHANDPOL BAZAAR, 302006, CHANDPOL BAZAAR, JAIPUR, RAJASTHAN, INDIA"
8511557605,66146036@N00,00:40.0,25.308725,83.012205,"APEX, MEER GHAT, 221001, MEER GHAT, VARANASI, UTTAR PRADESH, INDIA"
8524074660,37313707@N00,05:58.0,22.260866,84.884461,"32 PEARLS DENTAL CLINIC AND ADVANCE IMPLANT CENTRE, SECTOR-20, 769014, SECTOR-20, ODHISA, INDIA"
8553232181,52250666@N02,48:46.0,9.969634,76.260192,"PRIYADARSHINI PARK, 628002, INDIA"
8557180264,36859875@N00,38:27.0,27.174666,78.0435,"JAWAB, TAJ EAST GATE ROAD, 282006, TAJ EAST GATE ROAD, AGRA, UTTAR PRADESH, INDIA"
8557479946,10340578@N06,30:26.0,25.309038,83.012455,"GANPATI, D-3/24, MEER GHAT, 221001, MEER GHAT, VARANASI, UTTAR PRADESH, INDIA"
8628331994,95726175@N00,46:29.0,18.942173,72.82339,"G ROAD (MGCM ANUVRAT MARG), 400020, MUMBAI, MAHARASHTRA, INDIA"
9688871016,91316426@N04,16:41.0,12.99823,77.622352,"ITC FACTORY, POTTERY ROAD, 560084, POTTERY ROAD, BANGALORE, BENGALURU DIVISION, INDIA"
10123045814,57673737@N00,36:44.0,25.582344,91.890816,"POLO GROUND BUS STATION, BUDDHIST TEMPLE ROAD, 793001, BUDDHIST TEMPLE ROAD, SHILLONG, MEGHALAYA, INDIA"
10123126145,57673737@N00,36:59.0,25.582344,91.890816,"POLO GROUND BUS STATION, BUDDHIST TEMPLE ROAD, 793001, BUDDHIST TEMPLE ROAD, SHILLONG, MEGHALAYA, INDIA"
10372943834,8250978@N04,02:21.0,22.72255,75.873708,"Y N ROAD BUS STOP, SHIVAJI NAGAR, 452001, SHIVAJI NAGAR, INDORE, MADHYA PRADESH, INDIA"
11619814033,51121232@N00,59:02.0,11.175091,79.810833,"TEMPLE TANK, INDIA"
12070974074,113353244@N05,52:48.0,12.308557,76.652555,"WHISKEY BAR, D. DEVARAJA URS ROAD, 570001, D. DEVARAJA URS ROAD, MYSURU, MYSURU DIVISION, INDIA"
13848210825,29486666@N00,15:03.0,9.59748,76.509638,"KOTTAYAM CHERIYAPALLY, KOTTAYAM - KUMARAKOM ROAD, 686003, KOTTAYAM - KUMARAKOM ROAD, KOTTAYAM, KERALA, INDIA"
25454455,98309550@N00,30:35.0,10.108683,77.057418,"NORTHERN OUTLET ROAD, 685612, KERALA, INDIA"
70481035,24648752@N00,41:53.0,19.063821,73.247737,"CHANDERI FORT, CHANDERI FORT-PANVEL ROUTE, CHANDERI FORT-PANVEL ROUTE, MAHARASHTRA, INDIA"
86371200,40494725@N00,56:05.0,22.571139,88.352479,"BHARAT BIRYANI, LALBAZAR STREET, 700069, LALBAZAR STREET, KOLKATA, WEST BENGAL, INDIA"
367246225,37403827@N00,14:06.0,28.669277,77.214145,"RANI JHANSI FLYOVER, 110006, DELHI, INDIA"
386829336,43646035@N00,03:57.0,18.365767,73.754653,"SINHAGAD, 411025, INDIA"
425037473,24711978@N00,40:27.0,18.915055,72.817039,"IDBI TOWER, S VASWANI ROAD, 400005, S VASWANI ROAD, MUMBAI, MAHARASHTRA, INDIA"
445906804,92026638@N00,56:56.0,12.970183,77.559356,"RAILWAY GATE KEMPAPURA, TANK BUND ROAD, 560053, TANK BUND ROAD, BENGALURU, BENGALURU DIVISION, INDIA"
484457567,63546548@N00,41:41.0,28.656474,77.23277,"GURU KIRPA RESTAURANT, CHANDNI CHOWK, 110006, CHANDNI CHOWK, DELHI, INDIA"
489551262,99644237@N00,01:31.0,12.427859,76.68148,"RUINS OF TIPPU SULTAN'S PALACE, RAILWAY STATION ROAD, 571438, RAILWAY STATION ROAD, SRIRANGAPATNA, KARNATAKA, INDIA"
516616847,68222897@N00,09:49.0,32.275812,77.175006,"GOSHAL, 175103, HIMACHAL PRADESH, INDIA"
537482778,8765969@N02,35:03.0,15.281452,76.3694,"OVERHEAD WATER TANK, COLLEGE ROAD, 583200, COLLEGE ROAD, HOSPET, KARNATAKA, INDIA"
607209067,89044848@N00,14:39.0,24.870123,80.050721,"MADHYA PRADESH, INDIA"
607415720,89044848@N00,22:21.0,24.870123,80.050721,"MADHYA PRADESH, INDIA"
612602009,89044848@N00,25:16.0,24.852562,79.92897,"KARMA HOME STAY, JAIN TEMPLE ROAD, 471505, JAIN TEMPLE ROAD, KHAJURAHO, MADHYA PRADESH, INDIA"
612622080,89044848@N00,59:59.0,24.852562,79.92897,"KARMA HOME STAY, JAIN TEMPLE ROAD, 471505, JAIN TEMPLE ROAD, KHAJURAHO, MADHYA PRADESH, INDIA"
615904063,89044848@N00,14:31.0,27.180611,78.02134,"MOTI MASJID, MINAR BAZAAR, 282003, MINAR BAZAAR, AGRA, UTTAR PRADESH, INDIA"
617291893,89044848@N00,52:49.0,27.174846,78.042969,"JAWAB, TAJ EAST GATE ROAD, 282006, TAJ EAST GATE ROAD, AGRA, UTTAR PRADESH, INDIA"
1018788808,95464641@N00,46:46.0,23.032978,72.577743,"SHREEJA KRUPA CHILDREN HOSPITAL, SHAHPUR, 380001, SHAHPUR, GUJARAT, INDIA"
1042569372,24648752@N00,45:17.0,18.722673,73.491497,"विसापूर, 410405, INDIA"
1092402352,53493424@N00,13:37.0,28.611811,77.219306,"NATIONAL MUSEUM, JANPATH, 110011, JANPATH, NEW DELHI, DELHI, INDIA"
1446375503,7399347@N05,56:35.0,18.533978,73.868293,"SHISHA CAFE, SAI RADHE ROAD, 411001, SAI RADHE ROAD, PUNE, MAHARASHTRA, INDIA"
1640492497,57704782@N00,49:33.0,24.583968,73.689422,"VAZIRPURA, 313001, UDAIPUR, RAJASTHAN, INDIA"
2093164131,21255424@N07,38:43.0,26.2948,73.034362,"STATE BANK OF INDIA, MANDORE ROAD, 342010, MANDORE ROAD, JODHPUR, RAJASTHAN, INDIA"
2093203643,21255424@N07,19:22.0,27.177843,78.008422,"COLLECTORATE, AGRA, UTTAR PRADESH, INDIA"
2268539106,21063397@N00,21:07.0,15.497562,73.767013,"TAJ FORT AGUADA RESORT & SPA, FORT AGUADA ROAD / AGUADA - SIOLIM ROAD, 403515, FORT AGUADA ROAD / AGUADA - SIOLIM ROAD, SINQUERIM, GOA, INDIA"
2288115252,21932201@N04,19:36.0,12.878904,74.851366,"KUDUMAL RANGA RAO ROAD, 575001, MANGALURU, MYSURU DIVISION, INDIA"
2304472472,42389268@N00,56:19.0,15.495536,73.824348,"HOTEL MANOSHANTI, DR DADA VAIDYA ROAD, 403001, DR DADA VAIDYA ROAD, PANAJI, GOA, INDIA"
2308137575,42389268@N00,25:08.0,15.577486,73.802204,"ABAIXO VADDO, 403510, CANCA, GOA, INDIA"
2401547448,28238346@N00,48:40.0,12.990005,77.58605,"EMBASSY ZENITH (U/C), 28, SANKEY ROAD, 560062, SANKEY ROAD, BENGALURU, INDIA"
2720973764,61009686@N00,08:17.0,33.973813,76.901561,"SINGE LA, INDIA"
2898184384,72155957@N00,15:47.0,28.524967,77.185692,"QUWWATUL ISLAM MASJID, QUTUB MINAR COMPLEX RD, SETH SARAI, MEHRAULI, NEW DELHI, 110030, QUTUB MINAR COMPLEX RD, SETH SARAI, MEHRAULI, NEW DELHI, DELHI, DELHI, INDIA"
2911815842,96901169@N00,32:00.0,17.439587,78.481521,"BAPU BAGH, TELANGANA, INDIA"
3189653451,11904526@N00,07:41.0,9.972559,76.278333,"ERNAKULAM BOAT JETTY, BOAT JETTY ROAD, 682011, BOAT JETTY ROAD, ERNAKULAM, KERALA, INDIA"
3222879099,89044848@N00,32:32.0,12.301914,76.667404,"LION-TAILED MACAQUES, 570001, MYSURU, MYSURU DIVISION, INDIA"
3230859290,24574470@N00,11:58.0,15.549787,73.763494,"UNION BANK OF INDIA, CALANGUTE ARPORA ROAD, 403516, CALANGUTE ARPORA ROAD, CALANGUTE, GOA, INDIA"
3328584141,11124467@N02,06:20.0,20.460965,72.886281,"396210, DAMAN, DADRA AND NAGAR HAVELI AND DAMAN AND DIU, INDIA"
3410535669,11124467@N02,34:17.0,33.361036,78.323238,"FREE BATHS, CHUMATHANG, LADAKH, INDIA"
3761103260,81102241@N00,15:06.0,15.327234,76.46759,"MATANGA HILL, 583239, INDIA"
3826891164,32859046@N05,32:06.0,9.504561,76.353435,"LAKE CHAPEL, NEHRUTROPHY, 688001, NEHRUTROPHY, ALAPPUZHA, KERALA, INDIA"
3914783409,62274725@N00,23:27.0,12.950035,77.5862,"LALBAGH GLASSHOUSE, 572161, BENGALURU, BENGALURU DIVISION, INDIA"
4015764342,29480496@N05,23:36.0,16.993591,73.270568,"LAKSHMI SADAN, MIRKARWADA VILLAGE ROAD, 415612, MIRKARWADA VILLAGE ROAD, RATNAGIRI, MAHARASHTRA, INDIA"
4018007433,15315685@N00,57:25.0,15.3567,75.121078,"TATWADARSHA MULTISPECIALTY HOSPITAL, GOKUL ROAD / AIRPORT ROAD, 580020, GOKUL ROAD / AIRPORT ROAD, HUBLI, KARNATAKA, INDIA"
4044717306,68222897@N00,15:11.0,32.112261,77.167322,"JIO, AIRTEL, IDEA, NAGGAR JANA ROAD, 175104, NAGGAR JANA ROAD, NASHALA, HIMACHAL PRADESH, INDIA"
4055006831,12664097@N04,48:28.0,13.051406,80.283021,"MARINA BEACH, 600001, INDIA"
4066187091,29480496@N05,51:44.0,16.993591,73.270568,"LAKSHMI SADAN, MIRKARWADA VILLAGE ROAD, 415612, MIRKARWADA VILLAGE ROAD, RATNAGIRI, MAHARASHTRA, INDIA"
4280428293,46643494@N06,22:46.0,18.942497,72.83575,"CSMT, CSMT, 400038, CSMT, MUMBAI, MAHARASHTRA, INDIA"
4294199381,84079543@N00,32:12.0,15.118861,78.12395,"BELUM, 518123, ANDHRA PRADESH, INDIA"
4336610444,60955494@N00,01:54.0,25.382727,83.024024,"DEER PARK, DHARMAPALA ROAD, 221007, DHARMAPALA ROAD, SARNATH, UTTAR PRADESH, INDIA"
4507137329,60955494@N00,28:51.0,25.33813,82.994842,"PRACHIN SHRI CHAURA MATA MANDIR, MAKBUL ALAN ROAD, 221002, MAKBUL ALAN ROAD, VARANASI, UTTAR PRADESH, INDIA"
4545549543,41176276@N00,08:34.0,26.901673,75.80767,"RAMBAGH GOLF CLUB, BHAGWANDAS ROAD, 302001, BHAGWANDAS ROAD, JAIPUR MUNICIPAL CORPORATION, RAJASTHAN, INDIA"
4662687362,9720378@N06,10:54.0,17.926475,73.569431,"SHRI RAMVARDAYINI MANDIR, PRATAPGAD-KUDPAN, PRATAPGAD-KUDPAN, MAHARASHTRA, INDIA"
4692260734,57419996@N00,17:15.0,28.524737,77.185242,"QUWWATUL ISLAM MASJID, QUTUB MINAR COMPLEX RD, SETH SARAI, MEHRAULI, NEW DELHI, 110030, QUTUB MINAR COMPLEX RD, SETH SARAI, MEHRAULI, NEW DELHI, DELHI, DELHI, INDIA"
5025584609,61173416@N00,53:33.0,13.10799,77.578277,"YELAHANKA INDUSTRIAL ESTATE, BENGALURU DIVISION, INDIA"
5047751391,16418833@N00,53:10.0,28.655509,77.230049,"CHEL PURI, 110006, DELHI, INDIA"
5095668327,25473113@N08,20:29.0,26.913651,75.793819,"CHARIS CAFE, 18, AJMER PULIA, 302001, AJMER PULIA, JAIPUR MUNICIPAL CORPORATION, RAJASTHAN, INDIA"
5175487410,39790692@N05,24:47.0,17.484352,78.371744,"SRILA PARK LINK ROAD, 500071, TELANGANA, INDIA"
5184419817,66741113@N00,15:18.0,17.443251,78.487486,"PARADISE CROSSROADS, SARDAR PATEL ROAD, 500003, SARDAR PATEL ROAD, TELANGANA, INDIA"
5202657248,46293521@N04,14:12.0,26.986732,75.850993,"JALEB CHOWK, 303101, RAJASTHAN, INDIA"
5224105342,81073027@N00,55:07.0,13.01234,80.221374,"ANNA SALAI (MOUNT ROAD), 600001, CHENNAI, TAMIL NADU, INDIA"
5882674232,40584328@N00,03:56.0,12.980743,77.624995,"AAVISHKAR ACADEMY, SATHYANARAYANA TEMPLE STREET, 560042, SATHYANARAYANA TEMPLE STREET, BENGALURU, BENGALURU DIVISION, INDIA"
5891748325,40584328@N00,20:40.0,12.97424,77.612078,"NAMMA METRO - REACH 1, DICKENSON ROAD, 560042, DICKENSON ROAD, BENGALURU, BENGALURU DIVISION, INDIA"
6133405354,72155957@N00,22:24.0,32.561254,76.13079,"TEMPLE, CHAMBA PATHANKOT ROAD, 176310, CHAMBA PATHANKOT ROAD, CHAMBA, HIMACHAL PRADESH, INDIA"
6162066484,56017663@N03,56:57.0,13.005143,80.266284,"WARD 176, 600001, CHENNAI, TAMIL NADU, INDIA"
6175098715,53628484@N00,39:41.0,12.9735,77.621833,"HYATT, KOLI STREET, 560042, KOLI STREET, BENGALURU, KARNATAKA, INDIA"
6269367879,25095063@N04,21:24.0,15.5618,73.748666,"WEATHER SPOON, CALANGUTE BAGA ROAD, 403518, CALANGUTE BAGA ROAD, GOA, GOA, INDIA"
6339335849,28552823@N02,07:30.0,26.481021,74.560346,"THE PINEAPPLE EXPRESS HOSTEL, 5 SAMARIYA COLONY JA­MNI KUND ROAD, 305022, 5 SAMARIYA COLONY JA­MNI KUND ROAD, PUSHKAR, RAJASTHAN, INDIA"
6774624822,47244420@N04,45:19.0,17.49479,78.413393,"MANA HOSPITALS, VIVEKANANDA NAGAR ROAD, 500072, VIVEKANANDA NAGAR ROAD, HYDERABAD, TELANGANA, INDIA"
6787472916,49235175@N02,46:06.0,12.322057,75.893125,"DRIVER'S PARKING, KARIDIGODU, SIDDAPUR, 571253, KARIDIGODU, SIDDAPUR, KODAGU, KARNATAKA, INDIA"
6795664507,80209127@N00,27:26.0,8.507656,76.886616,"HORSE RIDING, FLOATING BRIDGE, 695001, FLOATING BRIDGE, THIRUVANANTHAPURAM, KERALA, INDIA"
6799641682,79476731@N00,10:47.0,10.096822,76.284166,"VISWA DEEPTHI VIDYALAYA PLAYGROUND, KOONAMMAVU - PAATHALAM ROAD, 683525, KOONAMMAVU - PAATHALAM ROAD, ERNAKULAM, KERALA, INDIA"
6862657266,68151052@N03,20:27.0,13.030183,78.355127,"BANGARU THIRUPATHI TEMPLE, MULABAGILU-K.G.F ROAD, 563131, MULABAGILU-K.G.F ROAD, ANGONDAHALLI, KARNATAKA, INDIA"
6958387113,28552823@N02,20:55.0,26.231838,78.180942,"PRASAD NURSING HOME, GWALIOR, PADAAV PUL, 474003, PADAAV PUL, MADHYA PRADESH, INDIA"
7121050751,9288799@N02,34:29.0,28.593333,77.25,"HUMAYUN'S TOMB, WARD NUMBER 142, 110013, WARD NUMBER 142, DELHI, DELHI, INDIA"
7168724592,74821492@N00,01:17.0,13.060422,80.24958,"KHADER NAWAZ KHAN ROAD, 600001, CHENNAI, TAMIL NADU, INDIA"
7487737352,84013956@N00,10:37.0,17.383683,78.400161,"RAMDAS JAIL, OPP: GOLKONDA FORT, 500048, OPP: GOLKONDA FORT, TELANGANA, INDIA"
7529246964,8796403@N06,06:49.0,30.733299,78.439903,"JEEP STAND, 249193, UTTAR KASHI, UTTARAKHAND, INDIA"
8105208300,37313707@N00,07:25.0,22.259308,84.865361,"MEDKIND DENTAL CLINIC, RING ROAD, 769005, RING ROAD, ODISHA, INDIA"
8237322038,46273880@N00,45:49.0,23.255061,77.397255,"VIP ROAD, 462001, BHOPAL, MADHYA PRADESH, INDIA"
8242737973,60474555@N00,58:54.0,13.157719,75.495644,"577171, BALUR HANDPOST, KARNATAKA, INDIA"
8270851333,51035643000@N01,53:33.0,28.661068,77.235946,"LOTHIYAN ROAD, 110006, DELHI, INDIA"
8471826515,8796403@N06,25:14.0,25.430134,81.883335,"AKBAR FORT, 211001, AKBAR FORT, PRAYAGRAJ, UTTAR PRADESH, INDIA"
8507650100,41222366@N00,41:05.0,13.011142,80.007883,"CHOKHI DHANI, CHENNAI - BANGALORE, 602117, CHENNAI - BANGALORE, THANDALAM, TAMIL NADU, INDIA"
8552042067,52250666@N02,11:53.0,9.969634,76.260192,"PRIYADARSHINI PARK, 628002, INDIA"
8781592501,64061631@N06,46:32.0,19.062361,72.828197,"SKYPER, PALI MARKET ROAD, 400050, PALI MARKET ROAD, MUMBAI, MAHARASHTRA, INDIA"
8944456882,96918448@N08,00:03.0,11.875688,75.864722,"AKKARE KOTTIYOOR TEMPLE, AKKARE KOTTIYOOR TEMPLE LANE, 670651, AKKARE KOTTIYOOR TEMPLE LANE, KOTTIYOOR, KERALA, INDIA"
9394321608,86292040@N00,56:33.0,18.946,72.7935,"BANGANGA LANE, 400006, MUMBAI, MAHARASHTRA, INDIA"
9554005407,62453359@N02,26:51.0,26.273885,73.028869,"RATAN VILAS, PUBLIC ROAD, 342011, PUBLIC ROAD, JODHPUR, RAJASTHAN, INDIA"
9673429595,9339226@N03,55:14.0,25.600741,91.885356,"FAMILY DENTAL CARE, MARWROH, 793008, MARWROH, SHILLONG, MEGHALAYA, INDIA"
9688957337,95012188@N02,15:21.0,34.116047,75.948636,"BAGHPA, PANIKHAR, LADAKH, INDIA"
10686938023,93382693@N00,58:16.0,27.192855,78.031328,"TOMB OF ITIMAD UD DAULAH, 282003, AGRA, UTTAR PRADESH, INDIA"
12014823715,8734876@N07,04:01.0,11.940968,79.829041,"HOTEL ANANDHA HERITAGE, PERUMAL KOVIL STREET, 605001, PERUMAL KOVIL STREET, PUDUCHERRY, PUDUCHERRY, INDIA"
12207672576,41073622@N06,00:11.0,13.054366,80.156152,"CHENNAI BYPASS EXPRESSWAY, 600095, TAMIL NADU, INDIA"
12901719373,29780116@N03,06:52.0,28.598737,77.1914,"BRITISH EMBASSY, SHANTI PATH, 110021, SHANTI PATH, NEW DELHI, DELHI, INDIA"
12938823204,44124380238@N01,16:07.0,18.931136,72.835341,"ALLAHABAD BANK, SHAHID BHAGAT SINGH MARG, 400038, SHAHID BHAGAT SINGH MARG, MUMBAI, MAHARASHTRA, INDIA"
59796236,92095273@N00,10:01.0,14.518782,74.321479,"DOLPHIN BAY CAFE, OM BEACH, 581326, OM BEACH, GOKARNA, KARNATAKA, INDIA"
208942141,95674706@N00,05:00.0,17.523418,78.880805,"NEW HUSSAINABAD RD, 508100, BHONGIR, TELANGANA, INDIA"
236754582,46471983@N00,29:28.0,22.513627,88.343381,"RAMAKRISHMA SARADA MISSION MATRI BHAVAN/MATRI BHAVAN HOSPITAL, SADANANDA ROAD, 700026, SADANANDA ROAD, KOLKATA, WEST BENGAL, INDIA"
329617355,15655687@N00,07:18.0,28.684564,77.223072,"POSTAL ACCOUNT OFFICE, MAHATMA GANDHI ROAD, 110054, MAHATMA GANDHI ROAD, DELHI, INDIA"
352846147,20399511@N00,04:17.0,15.483129,73.917045,"KIRAN'S MART SUPERMARKET, 403203, NEURA, GOA, INDIA"
372125186,91314344@N00,25:25.0,18.955364,72.805452,"ROTUNDA, BONSAI GARDEN, 400036, BONSAI GARDEN, MUMBAI, MAHARASHTRA, INDIA"
374421114,89429056@N00,32:53.0,26.305572,73.050155,"SHAKTI NAGAR ROAD NO 6, 342006, JODHPUR, RAJASTHAN, INDIA"
399892847,43224524@N00,53:14.0,25.300967,83.009433,"MANASAROVAR GHAT DRAIN, 221001, INDIA"
404467245,86394197@N00,49:09.0,29.651509,79.418449,"263645, RĀNIKHET, UTTARAKHAND, INDIA"
414960176,7107896@N05,31:09.0,10.784407,79.14113,"DR. MUTHIAH PANDIAN EYE HOSPITAL, ABRAHAM PANDITHAR ROAD, 613001, ABRAHAM PANDITHAR ROAD, THANJAVUR, TAMIL NADU, INDIA"
606984227,89044848@N00,56:23.0,24.870123,80.050721,"MADHYA PRADESH, INDIA"
611456258,89044848@N00,30:41.0,25.350483,78.647539,"RAMJI MAHAL, MAIN ROAD NEAR RIVER, 472246, MAIN ROAD NEAR RIVER, ORCHHA, MADHYA PRADESH, INDIA"
612721088,89044848@N00,30:14.0,24.852562,79.92897,"KARMA HOME STAY, JAIN TEMPLE ROAD, 471505, JAIN TEMPLE ROAD, KHAJURAHO, MADHYA PRADESH, INDIA"
691958263,84609891@N00,13:28.0,12.903429,74.865045,"STATE BANK OF INDIA ATM, 575001, MANGALURU, KARNATAKA, INDIA"
782165927,28747587@N00,17:43.0,18.640064,73.512954,"TIKONA PETH, 410406, MAHARASHTRA, INDIA"
1118375742,45818641@N00,48:22.0,12.296061,77.437477,"MAHALLI, KARNATAKA, INDIA"
1210931041,88188214@N00,10:30.0,12.946093,77.584762,"LALBAGH TANK, INDIA"
1293031271,32573704@N00,10:55.0,28.601403,77.202644,"1, LOK KALYAN MARG, 110011, LOK KALYAN MARG, NEW DELHI, DELHI, INDIA"
1416603166,65809978@N00,13:07.0,32.239041,76.324261,"RAM PRASHAD FRESH FRUIT SHOP, TIPA ROAD, 176200, TIPA ROAD, DHARMSALA, MACLEOD GANJ, HIMACHAL PRADESH, INDIA"
2093178957,21255424@N07,09:05.0,26.2948,73.034362,"STATE BANK OF INDIA, MANDORE ROAD, 342010, MANDORE ROAD, JODHPUR, RAJASTHAN, INDIA"
2093215255,21255424@N07,23:06.0,26.2948,73.034362,"STATE BANK OF INDIA, MANDORE ROAD, 342010, MANDORE ROAD, JODHPUR, RAJASTHAN, INDIA"
2219175859,25897810@N00,57:10.0,9.501804,76.331119,"JOHNSON TIMBER, AS CANAL WEST BANK ROAD, 688001, AS CANAL WEST BANK ROAD, ALAPPUZHA, KERALA, INDIA"
2371490365,29172291@N00,28:20.0,18.529947,73.871519,"SHERATON GRAND PUNE, RAJA BAHADUR MILL MARG, 411011, RAJA BAHADUR MILL MARG, PUNE, MAHARASHTRA, INDIA"
2399967881,11124467@N02,23:53.0,13.212705,75.994341,"HOYSALESWARA TEMPLE, 573121, HALEBIDU, KARNATAKA, INDIA"
2439505250,25036906@N02,27:54.0,9.540404,76.426477,"R-BLOCK, KERALA, INDIA"
2455427647,11309626@N02,53:08.0,19.131302,72.825622,"ACHUTRAO PATWARDHAN MARG, 402205, ACHUTRAO PATWARDHAN MARG, MUMBAI, MAHARASHTRA, INDIA"
2537903649,41894181187@N01,35:53.0,29.83908,78.681936,"SHYAM EYE CLINIC, MEERUT-PAURI HIGHWAY, 246155, MEERUT-PAURI HIGHWAY, JAIHARĪKHĀL, UTTARAKHAND, INDIA"
2798645283,56796376@N00,42:03.0,18.991606,73.265762,"PAYMASTER PARK, INDIA"
3084399983,25350228@N02,03:21.0,28.594281,77.177538,"JESUS AND MARY COLLEGE, SAN MARTIN MARG, 110021, SAN MARTIN MARG, NEW DELHI, DELHI, INDIA"
3152824577,33867231@N02,10:05.0,28.617255,77.218501,"WINDSOR PLACE, JANPATH, 020626, JANPATH, NEW DELHI, DELHI, INDIA"
3153660610,33867231@N02,10:16.0,28.617255,77.218501,"WINDSOR PLACE, JANPATH, 020626, JANPATH, NEW DELHI, DELHI, INDIA"
3225735996,26124666@N00,09:18.0,15.5379,73.761799,"CALENGUTE -  CANDOLIM ROAD, 403516, CALENGUTE -  CANDOLIM ROAD, CALANGUTE, GOA, INDIA"
3257414915,56053642@N00,56:42.0,19.131113,72.916407,"LADIES RESTROOM, INFINITE CORRIDOOR, 400076, INFINITE CORRIDOOR, MUMBAI, MAHARASHTRA, INDIA"
3391736902,11124467@N02,55:21.0,25.085655,82.735963,"PRIMARY HEALTH CENTRE, PANDARI, VARANASI ROAD, 231001, VARANASI ROAD, UTTAR PRADESH, INDIA"
3422075819,25953512@N03,42:05.0,18.962711,72.931022,"ELEPHANTA CAVES, PATH TO CAVES, PATH TO CAVES, INDIA"
3548297458,8804814@N08,06:28.0,19.058188,72.827768,"OSOKOZI, ST. LEO ROAD, 400050, ST. LEO ROAD, MUMBAI, MAHARASHTRA, INDIA"
3723971313,10600292@N04,15:47.0,34.162599,77.578239,"NAMGYAL PALACE, FORT ROAD, FORT ROAD, LEH, LADAKH, INDIA"
3922803815,38476144@N07,43:40.0,19.07619,72.875877,"SANTA CRUZ – CHEMBUR LINK ROAD, 400070, MUMBAI, MAHARASHTRA, INDIA"
3929092621,17364099@N00,22:43.0,15.522797,73.849807,"BRITONA, 403500, BRITONA, GOA, INDIA"
4023435957,32928755@N00,43:17.0,17.383718,78.399998,"RAMDAS JAIL, OPP: GOLKONDA FORT, 500048, OPP: GOLKONDA FORT, TELANGANA, INDIA"
4201176791,21703271@N02,07:50.0,27.171362,78.042047,"DARWAZA-I-RAUZA, TAJ EAST GATE ROAD, 282006, TAJ EAST GATE ROAD, AGRA, UTTAR PRADESH, INDIA"
4245205866,60955494@N00,53:45.0,30.118774,78.303165,"AERAN DENTAL CARE, 21, TILAK ROAD, RISHIKESH, 249304, 21, TILAK ROAD, RISHIKESH, UTTARAKHAND, INDIA"
4285060346,60955494@N00,40:19.0,25.31889,83.007545,"TANDON MULTISPECIALITY HOSPITAL AND ISHITA MODERN EYE CARE CENTRE, ST. KABIR ROAD, 221001, ST. KABIR ROAD, VARANASI, UTTAR PRADESH, INDIA"
4292672711,60955494@N00,09:46.0,25.31889,83.007545,"TANDON MULTISPECIALITY HOSPITAL AND ISHITA MODERN EYE CARE CENTRE, ST. KABIR ROAD, 221001, ST. KABIR ROAD, VARANASI, UTTAR PRADESH, INDIA"
4370734102,33037982@N04,27:09.0,15.509389,73.764653,"SUDHA'S SHACK, CASABLANCA RESORT LFNE, 403516, CASABLANCA RESORT LFNE, CANDOLIM, GOA, INDIA"
4499768824,89743353@N00,11:12.0,13.001128,75.323123,"BENAKA HEALTH CENTRE, 574240, BELTHANGADY, KARNATAKA, INDIA"
4504678899,11037560@N04,25:06.0,27.216758,77.95024,"SOUTH ENTRANCE, AGRA MATHURA ROAD, 282007, AGRA MATHURA ROAD, AGRA, UTTAR PRADESH, INDIA"
4510847250,48889042138@N01,02:09.0,25.303052,83.007373,"GODOWALIA LANKA ROAD, 221001, GODOWALIA LANKA ROAD, VARANASI, UTTAR PRADESH, INDIA"
4517535942,60955494@N00,38:08.0,25.31889,83.007545,"TANDON MULTISPECIALITY HOSPITAL AND ISHITA MODERN EYE CARE CENTRE, ST. KABIR ROAD, 221001, ST. KABIR ROAD, VARANASI, UTTAR PRADESH, INDIA"
4641825242,50549738@N06,11:11.0,12.594606,80.146207,"KADUMBADI ROAD, KADAMPĀDI, TAMIL NADU, INDIA"
4856465800,24183489@N00,22:45.0,26.294952,73.023553,"SARDAR MARKET, NAI SARAK, 342002, NAI SARAK, JODHPUR, RAJASTHAN, INDIA"
5291173076,93288376@N00,12:52.0,25.099245,73.524713,"DELWARIYA, RAJASTHAN, INDIA"
5354171186,37850683@N04,23:20.0,15.228953,74.15162,"UNION HIGH SCHOOL, 403704, SANGUEM, GOA, INDIA"
5362843034,48587703@N00,26:39.0,22.554296,72.927289,"388001, ANAND, GUJARAT, INDIA"
5384629479,48587703@N00,43:01.0,22.554296,72.927289,"388001, ANAND, GUJARAT, INDIA"
5413789403,11083093@N02,40:04.0,15.32221,76.47002,"TREASURY BUILDING, HAMPI KAMALAPURA ROAD, 583221, HAMPI KAMALAPURA ROAD, KAMALAPURA, KARNATAKA, INDIA"
5560905980,8831683@N05,20:43.0,11.407257,76.699333,"DISTRICT MUNSIF'S COURT, HOSPITAL ROAD, 643001, HOSPITAL ROAD, UDHAGAMANDALAM, TAMIL NADU, INDIA"
5580747841,29011891@N00,27:31.0,20.264371,85.786871,"KHANDAGIRI BUS STAND, KHANDAGIRI - CHANDAKA ROAD, 751003, KHANDAGIRI - CHANDAKA ROAD, BHUBANESWAR MUNICIPAL CORPORATION, ODISHA, INDIA"
5725714349,36813143@N08,35:16.0,9.956677,76.246833,"SREE JANARDHANA KALYANA MANDAPAM, SREE GOPALAKRISHNA TEMPLE ROAD, 682001, SREE GOPALAKRISHNA TEMPLE ROAD, KOCHI, KERALA, INDIA"
5764529654,37850683@N04,26:14.0,28.521041,77.188267,"MEHRAULI ARCHEOLOGICAL PARK PATH, 110030, DELHI, INDIA"
5837918291,50628848@N07,48:19.0,23.337507,75.04898,"457001, RATLAM, MADHYA PRADESH, INDIA"
6197436028,72155957@N00,21:34.0,28.524967,77.185692,"QUWWATUL ISLAM MASJID, QUTUB MINAR COMPLEX RD, SETH SARAI, MEHRAULI, NEW DELHI, 110030, QUTUB MINAR COMPLEX RD, SETH SARAI, MEHRAULI, NEW DELHI, DELHI, DELHI, INDIA"
6203674053,84625484@N00,07:14.0,11.337668,76.822242,"COONOOR-METTUPALAYAM RD, 643103, KURUMBADI, TAMIL NADU, INDIA"
6269937050,25095063@N04,35:13.0,15.4919,73.773708,"OLD LIGHTHOUSE TOWER, AGUADA FORT AREA, 403515, AGUADA FORT AREA, CANDOLIM, GOA, INDIA"
6297958255,67811528@N06,00:00.0,13.035289,77.535066,"NATIONAL INSTITUTE OF DESIGN, HMT LINK ROAD, 560057, HMT LINK ROAD, BENGALURU, BENGALURU DIVISION, INDIA"
6368079459,65030641@N04,29:31.0,22.528017,88.322353,"DEBI CHOWDHURY ROAD, 700023, KOLKATA, WEST BENGAL, INDIA"
6369232925,76323120@N00,09:03.0,18.934277,72.827489,"CHURCHGATE PLATFORM, 400023, MUMBAI, MAHARASHTRA, INDIA"
6415298285,30789195@N07,01:51.0,27.056666,88.254833,"PADMAJA NAIDU HIMALAYAN ZOOLOGICAL PARK, HOOKER ROAD, 734104, HOOKER ROAD, SINGAMARI, WEST BENGAL, INDIA"
6458781171,7729354@N08,38:40.0,28.621822,77.38306,"SECTOR 63, 201309, NOIDA, UTTAR PRADESH, INDIA"
6462476669,58608377@N00,44:35.0,28.660918,77.238435,"SHYAMA PRASAD MUKHERJI MARG, 110006, DELHI, INDIA"
6627463159,50628848@N07,36:59.0,22.584672,88.341364,"8, BANKIM SETU, 711106, BANKIM SETU, HOWRAH, WEST BENGAL, INDIA"
6708381653,84292292@N00,43:37.0,13.040847,80.279902,"VEERAMAMUNIVAR, KAMARAJAR SALAI, 600001, KAMARAJAR SALAI, CHENNAI, TAMIL NADU, INDIA"
6797085994,34663048@N00,38:46.0,18.38499,83.897609,"CHINTADA JUCTION BUS STOP, KALINGAPATNAM - SRIKAKULAM - PARVATHIPURAM ROAD, 532185, KALINGAPATNAM - SRIKAKULAM - PARVATHIPURAM ROAD, VAKALAVALASA, ANDHRA PRADESH, INDIA"
7139928541,65326158@N00,42:53.0,25.53438,82.059877,"IFFCO HOSPITAL, 212404, UTTAR PRADESH, INDIA"
7327141024,9288799@N02,54:25.0,27.1755,78.042333,"TAJ EAST GATE ROAD, 282006, TAJ EAST GATE ROAD, AGRA, UTTAR PRADESH, INDIA"
7505204182,65638600@N05,16:53.0,11.676005,92.762458,"ROSS ISLAND, UNION TERRITORY OF ANDAMAN AND NICOBAR ISLANDS, INDIA"
7531344890,8796403@N06,12:55.0,29.964184,78.174515,"249401, HARIDWĀR, UTTARAKHAND, INDIA"
7534069626,8796403@N06,00:00.0,19.01,72.839996,"SMT. KAMLA MEHTA BLIND SCHOOL, DADASAHEB PHALKE MARG, 400014, DADASAHEB PHALKE MARG, MUMBAI, MAHARASTRA, INDIA"
7571577772,28565785@N02,09:36.0,28.593449,77.25075,"HUMAYUN'S TOMB, WARD NUMBER 142, 110013, WARD NUMBER 142, DELHI, DELHI, INDIA"
8009399302,51917228@N05,29:30.0,9.626476,77.137756,"PATHUMURY - 1ST MILE ROAD, 685509, PATHUMURI, KERALA, INDIA"
8140817335,9126603@N05,16:57.0,17.44057,78.463668,"RADHA KRISHNA TEMPLE, NUMBER 4, WARD 149 BEGUMPET, 500133, NUMBER 4, WARD 149 BEGUMPET, TELANGANA, INDIA"
8405099698,23930118@N04,06:19.0,26.266325,73.026638,"RESIDENCY ROAD, 342011, JODHPUR, RAJASTHAN, INDIA"
8415161152,30443947@N03,45:01.0,19.173325,72.845458,"GRAND SAROWAR PREMIERE, GOREGAON MULUND LINK ROAD, 400062, GOREGAON MULUND LINK ROAD, MUMBAI, MAHARASHTRA, INDIA"
8512684174,66146036@N00,26:05.0,25.308725,83.012205,"APEX, MEER GHAT, 221001, MEER GHAT, VARANASI, UTTAR PRADESH, INDIA"
8524307227,39423133@N04,55:46.0,22.577955,88.3915,"EMILY NURSING HOME, RAMAKRISHNA SAMADHI ROAD, 700054, RAMAKRISHNA SAMADHI ROAD, KOLKATA, WEST BENGAL, INDIA"
8556354709,10340578@N06,28:32.0,25.305891,83.010361,"AHILYABAI GHAT, PANDEYGHAT, 221001, PANDEYGHAT, VARANASI, UTTAR PRADESH, INDIA"
8800552656,96083631@N08,54:21.0,10.243978,77.486572,"HOTEL CRESCENT PARK, CONVENT ROAD, 624100, CONVENT ROAD, KODAIKANAL, TAMIL NADU, INDIA"
9114500651,8293801@N07,00:00.0,30.839825,76.931548,"KALKA, RAILWAY ROAD, 133302, RAILWAY ROAD, KALKA, HARYĀNA, INDIA"
9606202647,97490011@N06,32:55.0,18.945312,72.829027,"BOMANJI MASTER LN, 400020, MUMBAI, MAHARASHTRA, INDIA"
9897623795,91685781@N00,47:23.0,28.656568,77.243585,"DIWAN-E-KHAAS, MAHATMA GANDHI MARG, 110006, MAHATMA GANDHI MARG, DELHI, INDIA"
10150114646,57673737@N00,17:44.0,25.012433,85.051766,"BARABAR PAHAR, BIHAR, INDIA"
11690499914,8293801@N07,09:16.0,26.283026,73.02226,"BHAVNA TREE, STATION ROAD, 342001, STATION ROAD, JODHPUR, RAJASTHAN, INDIA"
12044243836,74821492@N00,35:11.0,23.2518,69.666497,"HATKESHWAR TEMPLE, DURBARGARH ROAD, 370001, DURBARGARH ROAD, BHUJ, GUJARAT, INDIA"
12177235214,10297667@N06,02:02.0,27.040988,88.264488,"HILL CART ROAD, 734101, DARJEELING, WEST BENGAL, INDIA"
12246812283,26743206@N00,02:08.0,28.488156,77.270193,"ARAVALLI NURSERY, INDIA"
9939216,17893695@N00,57:03.0,13.033763,80.278,"TOMB OF ST. THOMAS, SANTHOME HIGH ROAD, 600001, SANTHOME HIGH ROAD, CHENNAI, TAMIL NADU, INDIA"
35421723,21424326@N00,08:14.0,26.290567,73.019514,"CHAKSHU HOSPITAL, KATLA KA CHOWK, KATLA BAZAAR, 342001, KATLA KA CHOWK, KATLA BAZAAR, JODHPUR, RAJASTHAN, INDIA"
36209973,87306906@N00,02:11.0,17.390777,78.368225,"ROAD NO 25, 500089, TELANGANA, INDIA"
47701784,71481771@N00,27:57.0,24.691202,84.984231,"INDOSAN NIPPONJI TEMPLE, JAPANESE TEMPLE ROAD, 824231, JAPANESE TEMPLE ROAD, BODHGAYA, BIHAR, INDIA"
83617195,46927390@N00,33:47.0,26.450282,80.369517,"ALL SOULS CAWNPORE MEMORIAL CHURCH, MEMORIAL LANE, 208012, MEMORIAL LANE, KANPUR, UTTAR PRADESH, INDIA"
246536850,66084373@N00,12:03.0,9.951351,76.241168,"VELI ROAD, 682001, KOCHI, KERALA, INDIA"
302764533,52082843@N00,00:07.0,9.365062,78.840293,"18, VALLAL PARI NORTH STREET, 623504, VALLAL PARI NORTH STREET, VELIPATTINAM, TAMIL NADU, INDIA"
368009775,35078881@N00,36:25.0,25.318735,83.015527,"RABINDRANATH TAGORE ROAD, 221001, VARANASI, UTTAR PRADESH, INDIA"
397649342,43224524@N00,33:17.0,25.308183,83.01115,"DOLPHIN RESTAURANT, MEER GHAT, 221001, MEER GHAT, VARANASI, UTTAR PRADESH, INDIA"
403117260,72366900@N00,00:00.0,15.699069,73.689765,"KALACHA BEACH, INDIA"
437640606,7535686@N02,47:49.0,8.64942,76.789627,"MANJADIMOODU LEVEL CROSS, 695304, KERALA, INDIA"
554666271,89044848@N00,51:32.0,24.852562,79.92897,"KARMA HOME STAY, JAIN TEMPLE ROAD, 471505, JAIN TEMPLE ROAD, KHAJURAHO, MADHYA PRADESH, INDIA"
583525275,48889048097@N01,15:25.0,10.777367,78.671207,"TRICHY - MADURAI - TUTICORIN ROAD (OLD NH45B), 620012, TRICHY - MADURAI - TUTICORIN ROAD (OLD NH45B), TAMIL NADU, INDIA"
583840198,48889048097@N01,02:13.0,11.230855,79.728727,"HOTEL ARYAAS, SIRKAZHI BYPASS, 609101, SIRKAZHI BYPASS, KOVILPATTU, TAMIL NADU, INDIA"
611094537,89044848@N00,34:01.0,25.350483,78.647539,"RAMJI MAHAL, MAIN ROAD NEAR RIVER, 472246, MAIN ROAD NEAR RIVER, ORCHHA, MADHYA PRADESH, INDIA"
618065172,89044848@N00,54:08.0,27.174846,78.042969,"JAWAB, TAJ EAST GATE ROAD, 282006, TAJ EAST GATE ROAD, AGRA, UTTAR PRADESH, INDIA"
2093377231,21255424@N07,21:05.0,26.2948,73.034362,"STATE BANK OF INDIA, MANDORE ROAD, 342010, MANDORE ROAD, JODHPUR, RAJASTHAN, INDIA"
2192264778,21430483@N03,54:25.0,10.791236,79.130659,"AIYANKULAM TANK, 613001, INDIA"
2211554906,16306365@N00,30:43.0,25.34899,82.96875,"ANSH NEURO AND MATERNITY CENTRE, CENTRAL JAIL ROAD, 221002, CENTRAL JAIL ROAD, VARANASI, UTTAR PRADESH, INDIA"
2255818917,15271731@N00,48:41.0,28.475934,77.006177,"COLONEL'S CENTRAL ACADEMY, SECTOR 4, 120001, SECTOR 4, GURUGRAM, HARYĀNA, INDIA"
2267652403,21063397@N00,48:35.0,15.497562,73.767013,"TAJ FORT AGUADA RESORT & SPA, FORT AGUADA ROAD / AGUADA - SIOLIM ROAD, 403515, FORT AGUADA ROAD / AGUADA - SIOLIM ROAD, SINQUERIM, GOA, INDIA"
2268901395,23791860@N03,26:07.0,28.626795,77.216473,"JAI PRAKASH YANTRA, TOLSTOY MARG, 110001, TOLSTOY MARG, NEW DELHI, DELHI, INDIA"
2377293150,56685562@N00,05:15.0,15.324967,76.472933,"MONKEY CARVED INTO A ROCK (SOUTH FACING), SULE BAZAAR, 583239, SULE BAZAAR, HAMPE, KARNATAKA, INDIA"
2399863211,11124467@N02,25:44.0,12.861563,76.486571,"CHANDRAGIRI, 573135, INDIA"
2401868886,48889048097@N01,07:20.0,13.045511,80.262068,"NEW WOODLANDS, DR RADHAKRISHNAN SALAI, 600001, DR RADHAKRISHNAN SALAI, CHENNAI, TAMIL NADU, INDIA"
2411000246,10438417@N00,41:47.0,13.070522,80.25694,"CONNEMERA PUBLIC LIBRARY, PANTHEON ROAD, 600008, PANTHEON ROAD, CHENNAI, TAMIL NADU, INDIA"
2459764108,21298758@N00,38:35.0,27.175056,78.042991,"JAWAB, TAJ EAST GATE ROAD, 282006, TAJ EAST GATE ROAD, AGRA, UTTAR PRADESH, INDIA"
2520507418,10438417@N00,41:51.0,13.034484,80.269857,"NORTH MADA STREET, 600001, CHENNAI, TAMIL NADU, INDIA"
2528358974,62451331@N00,45:08.0,25.581194,91.872653,"STATE BANK OF INDIA, SHILLONG - GUWAHATI ROAD, 793001, SHILLONG - GUWAHATI ROAD, SHILLONG, MEGHALAYA, INDIA"
2589617388,25152220@N00,09:48.0,32.542471,76.069679,"LINDI BEHI, KHAJJIAR, HIMACHAL PRADESH, INDIA"
2618652576,60466964@N00,21:22.0,28.653537,77.11235,"ROAD NUMBER 28, 110027, DELHI, INDIA"
2766690424,53044163@N00,02:19.0,12.257208,76.656246,"DALAVAYI KERE, INDIA"
2783609382,48889048097@N01,47:25.0,12.967496,77.672266,"SAMRUDDHI HEALTH CARE CENTRE, 3RD MAIN ROAD, 560017, 3RD MAIN ROAD, KARNATAKA, INDIA"
2870125095,8037044@N06,07:11.0,28.363232,75.587825,"KRISHNA MARG, 333031, PILANI, RAJASTHAN, INDIA"
2895926921,97252638@N00,20:10.0,25.308721,83.011955,"APEX, MEER GHAT, 221001, MEER GHAT, VARANASI, UTTAR PRADESH, INDIA"
3240929323,28563153@N00,43:45.0,12.94911,77.587562,"GREENHOUSE, 650027, BENGALURU, BENGALURU DIVISION, INDIA"
3367774182,11124467@N02,21:41.0,30.752041,76.804695,"UTTAR MARG, 160001, CHANDIGARH, INDIA"
3396936314,11124467@N02,52:25.0,25.213655,91.961955,"MEGHALAYA, INDIA"
3401614553,11124467@N02,09:33.0,32.23258,76.324386,"DALAI LAMA TEMPLE, TEMPLE ROAD, 176200, TEMPLE ROAD, MCLEODGANJ, DHARAMSHALA, HIMACHAL PRADESH, INDIA"
3409641268,44124298927@N01,53:11.0,9.958368,76.259837,"MATTANCHERRY, JETTHY ROAD, 628002, JETTHY ROAD, KOCHI, KERALA, INDIA"
3416078170,50999605@N00,04:09.0,25.30892,83.0116,"ALAKHNANDA, MEER GHAT, 221001, MEER GHAT, VARANASI, UTTAR PRADESH, INDIA"
3424128338,21375717@N00,56:00.0,31.26733,75.695733,"144411, PUNJAB, INDIA"
3542091079,7994829@N08,17:54.0,20.111472,72.911968,"GOVT. ITI, OLD NH8, 401606, OLD NH8, TALASARI, MAHARASHTRA, INDIA"
3700382673,72155957@N00,33:44.0,28.522731,77.182012,"MEHRAULI TERMINAL, BHULBHULAIYA ROAD, 110030, BHULBHULAIYA ROAD, DELHI, INDIA"
3715697601,22098403@N00,53:58.0,27.186547,77.996578,"BALKA BASTI, 282002, AGRA, UTTAR PRADESH, INDIA"
3765009916,33834913@N00,59:07.0,28.590485,77.217514,"LODHI ROAD, 100011, DELHI, INDIA"
3897278331,32628129@N04,16:55.0,12.283816,76.666652,"THOUSAND STEPS FOOTPATH, 570001, MYSURU, KARNATAKA, INDIA"
3948840746,22853208@N05,18:38.0,27.038945,88.24768,"BURDWAN PALACE, HILL CART ROAD, 734102, HILL CART ROAD, DARJEELING, WEST BENGAL, INDIA"
3991821041,38419041@N00,49:13.0,12.978735,77.56824,"PLATFORM 7,8, OLD MYSURU ROAD, 560009, OLD MYSURU ROAD, BENGALURU, BENGALURU DIVISION, INDIA"
4026393465,39072595@N03,00:12.0,18.514121,73.841943,"KARVE ROAD, 411004, PUNE, MAHARASHTRA, INDIA"
4148943865,9643110@N08,03:04.0,10.00672,76.710319,"KERALA BANK, PAINGOTTOOR BRANCH, POTHANICAD - PAINGATTOOR RD, 686671, POTHANICAD - PAINGATTOOR RD, KOTHAMANGALAM, ERNAKULAM, KERALA, INDIA"
4222647172,14948094@N00,29:57.0,25.314235,83.007373,"DALMANDI ROAD, 221001, VARANASI, UTTAR PRADESH, INDIA"
4289495546,64087373@N00,52:20.0,26.02555,76.460208,"ZONE 1, 322021, SAWAI MADHOPUR, RAJASTHAN, INDIA"
4369920129,33037982@N04,03:28.0,15.509389,73.764653,"SUDHA'S SHACK, CASABLANCA RESORT LFNE, 403516, CASABLANCA RESORT LFNE, CANDOLIM, GOA, INDIA"
4371767208,33037982@N04,40:52.0,15.515416,73.768338,"ELECTRICITY DEPARTMENT, SEQUIERA VADDO, 403516, SEQUIERA VADDO, CANDOLIM, GOA, INDIA"
4455820171,57419996@N00,05:16.0,16.021004,75.882997,"AIHOLE MUSEUM, 587124, AIHOLE, KARNATAKA, INDIA"
4465798056,10222491@N06,32:06.0,13.860351,74.816079,"MAVINAKARU, 576220, INDIA"
4499234561,60955494@N00,00:17.0,24.695145,84.988527,"LOTUS NIKKO, DOMUHAN BODHGAYA ROAD, 824231, DOMUHAN BODHGAYA ROAD, BODHGAYA, BIHAR, INDIA"
4507946392,35967967@N02,43:15.0,34.078682,74.831485,"SAINT LUKE'S CHURCH, DRUGJAN, DAL GATE ROAD, 190008, DRUGJAN, DAL GATE ROAD, SRINAGAR, JAMMU AND KASHMIR, INDIA"
4517641308,74894751@N00,31:59.0,27.329138,88.614408,"ORANGE TOURS AND TREKS, TIBET ROAD, GANGTOK-737101, 737101, TIBET ROAD, GANGTOK-737101, GANGTOK, SIKKIM, INDIA"
4528074760,60955494@N00,02:33.0,14.546034,74.323196,"BEST THALI RESTAURANT, 581326, GOKARNA, KARNATAKA, INDIA"
5025462885,99366248@N00,00:49.0,28.61798,77.191572,"MOTHER TERESA CRESCENT, 110004, NEW DELHI, DELHI, INDIA"
5028716211,19364701@N00,20:33.0,12.420189,76.573762,"THE GARDEN CAFÉ, KRISHNARAJA SAGARA ROAD, 571606, KRISHNARAJA SAGARA ROAD, KRISHNARAJASAGARA, KARNATAKA, INDIA"
5074590910,48288451@N00,39:42.0,19.1232,72.91453,"TELECOM STAFF QUARTERS, MUMBAI, MAHARASHTRA, INDIA"
5095631246,25095063@N04,11:07.0,18.934622,72.824136,"NATURAL ICE CREAM, MARINE DRIVE, 400021, MARINE DRIVE, MUMBAI, MAHARASHTRA, INDIA"
5170639948,60586954@N00,23:26.0,20.269282,85.83985,"MAHATMA GANDHI MARG, 751000, BHUBANESWAR MUNICIPAL CORPORATION, ODISHA, INDIA"
5171225721,60586954@N00,11:08.0,19.804389,85.832276,"VIP ROAD, 752001, PURI, ODISHA, INDIA"
5171467833,60586954@N00,54:11.0,20.269282,85.83985,"MAHATMA GANDHI MARG, 751000, BHUBANESWAR MUNICIPAL CORPORATION, ODISHA, INDIA"
5297165705,56766281@N00,59:46.0,18.114447,83.398962,"VIZIANAGARAM, 535001, ANDHRA PRADESH, INDIA"
5359511678,90338469@N00,46:09.0,24.850741,79.923498,"GOA RESTAURANT, INFRON OF SHIV SAGAR LAKE, 471505, INFRON OF SHIV SAGAR LAKE, KHAJURAHO, MADHYA PRADESH, INDIA"
5360636289,90338469@N00,51:50.0,25.350929,78.647603,"RAMJI MAHAL, MAIN ROAD NEAR RIVER, 472246, MAIN ROAD NEAR RIVER, ORCHHA, MADHYA PRADESH, INDIA"
5366551520,48587703@N00,59:32.0,22.564561,72.92407,"NISHKA ENT & HEAD AND NECK SURGEON, BAKROL ROAD, 388120, BAKROL ROAD, ANAND, GUJARAT, INDIA"
5382182084,48587703@N00,57:58.0,22.487181,73.532352,"MANDVUOR CUSTOM HOUSE, 389360, GUJARAT, INDIA"
5488170631,56766281@N00,18:26.0,18.114447,83.398962,"VIZIANAGARAM, 535001, ANDHRA PRADESH, INDIA"
5522969650,37850683@N04,32:29.0,28.523129,77.185403,"GATEWAY GUEST HOUSE (METCALFE'S RETREAT), MEHRAULI ARCHEOLOGICAL PARK PATH, 110030, MEHRAULI ARCHEOLOGICAL PARK PATH, DELHI, INDIA"
5542489218,20721230@N00,27:05.0,30.74533,76.798263,"HIMALAYA MARG, 160009, CHANDIGARH, INDIA"
5607536214,60905522@N08,13:05.0,32.237488,77.170372,"MANDIR, LAMADUGH, 175131, LAMADUGH, MANALI, HIMACHAL PRADESH, INDIA"
5686346136,8003134@N02,15:42.0,26.958491,75.848751,"MAN SAGAR, 302001, INDIA"
5832108083,27526538@N07,52:35.0,12.669984,76.63496,"NARANAPURA, 571431, MELUKOTE, KARNATAKA, INDIA"
5877518696,40584328@N00,39:51.0,11.777628,78.207378,"SHIVALINGAM CLINIC, FAIR LANDS ROAD, YERCAUD, 636601, FAIR LANDS ROAD, YERCAUD, SALEM, TAMIL NADU, INDIA"
5880474352,40584328@N00,47:22.0,12.966608,77.583764,"560053, BENGALURU, BENGALURU DIVISION, INDIA"
5913232131,26548565@N02,26:11.0,30.128261,78.321833,"DR. USHA'S NIRVANA CLINIC, KRIYA YOGA LANE, 249137, KRIYA YOGA LANE, UTTARAKHAND, INDIA"
6147242884,48288451@N00,38:09.0,14.228988,74.812219,"JOG FALLS, 577435, INDIA"
6206210061,84292292@N00,17:45.0,31.104979,77.172946,"MUNICIPAL CORPORATION, REVOLI TUNNEL, 171001, REVOLI TUNNEL, MALL ROAD AREA, HIMACHAL PRADESH, INDIA"
6342705349,15237218@N00,41:24.0,19.076972,72.85128,"GRAND HYATT MUMBAI, BANDRA KURLA COMPLEX, OFF WESTERN EXPRESS HIGHWAY, 400055, BANDRA KURLA COMPLEX, OFF WESTERN EXPRESS HIGHWAY, MUMBAI, MAHARASHTRA, INDIA"
6420404409,64449147@N00,13:33.0,27.181298,78.022027,"MOTI MASJID, MINAR BAZAAR, 282003, MINAR BAZAAR, AGRA, UTTAR PRADESH, INDIA"
6706029951,84292292@N00,34:01.0,25.313474,83.015732,"BHONSALE GHAT, KAUCHARI GALI, 221001, KAUCHARI GALI, VARANASI, UTTAR PRADESH, INDIA"
6723122007,30145457@N08,05:22.0,12.311419,76.653671,"SAMASTH, KALAMMA TEMPLE STREET, 570001, KALAMMA TEMPLE STREET, MYSURU, MYSURU DIVISION, INDIA"
6735517609,45774179@N00,43:02.0,8.531533,77.124023,"ANGANWADI, NEDUMANGADU - SHORLACODE HIGHWAY, 695574, NEDUMANGADU - SHORLACODE HIGHWAY, TVM, KERALA, INDIA"
6777675784,40809617@N00,22:43.0,22.75,75.903,"HOTEL RADISSON BLU, 25,BHAGYA SHREE NAGAR SERVICE ROAD, NEAR PETROL PUMP, 452001, 25,BHAGYA SHREE NAGAR SERVICE ROAD, NEAR PETROL PUMP, INDORE, MADHYA PRADESH, INDIA"
7051219211,61871520@N03,10:38.0,28.592209,77.193975,"NEHRU PARK, INDIA"
7125934211,34838643@N00,50:03.0,26.924174,75.824997,"VRIHAT SAMRAT YANTRA, TRIPOLIA BAZAAR, 302001, TRIPOLIA BAZAAR, JAIPUR, RAJASTHAN, INDIA"
7717255062,43318334@N05,58:01.0,27.183799,77.994453,"ASHOK NAGAR, 282010, AGRA, UTTAR PRADESH, INDIA"
7792269776,61497716@N08,44:12.0,21.122995,79.051555,"VNIT ADMIN BLOCK, VNIT MAIN ROAD, 440022, VNIT MAIN ROAD, MAHARASHTRA, INDIA"
7913199114,10297667@N06,49:39.0,25.308644,83.012144,"APEX, MEER GHAT, 221001, MEER GHAT, VARANASI, UTTAR PRADESH, INDIA"
7987858274,72155957@N00,53:37.0,28.671235,77.22908,"QUDSIA BAGH, MAHATMA GANDHI MARG, 110054, MAHATMA GANDHI MARG, DELHI, INDIA"
8139197802,12050428@N08,18:02.0,21.155809,79.05828,"CP CLUB SQUARE, 440002, MAHARASHTRA, INDIA"
8172391167,55585187@N06,29:41.0,12.619799,80.190246,"OTHAVADAI STREET; KONERI ROAD, 603104, MAHABALIPURAM, TAMIL NADU, INDIA"
8175637289,17559409@N00,58:16.0,12.320549,76.658361,"ST PHILOMENA'S CHURCH, ASHOKA ROAD, 570001, ASHOKA ROAD, MYSURU, MYSURU DIVISION, INDIA"
8195393305,20721230@N00,51:00.0,27.168333,78.048833,"TAJ EAST GATE ROAD, 282001, TAJ EAST GATE ROAD, AGRA, UTTAR PRADESH, INDIA"
8299893140,22109397@N00,24:25.0,30.117067,78.303776,"SBI, 21, TILAK ROAD, RISHIKESH, 249304, 21, TILAK ROAD, RISHIKESH, UTTARAKHAND, INDIA"
8382520507,67564216@N00,59:24.0,12.967244,77.642127,"THE ANTS CAFE, 2286, , 14TH A MAIN ROAD, 1ST CROSS, 560008, , 14TH A MAIN ROAD, 1ST CROSS, BANGALORE, BENGALURU DIVISION, INDIA"
8407432396,23930118@N04,34:57.0,26.916789,70.889453,"GORBANDH PALACE, BADA BAGH ROAD, 345001, BADA BAGH ROAD, MOOLSAGAR, RAJASTHAN, INDIA"
8446147026,26621269@N00,49:02.0,28.655952,77.233663,"JALEBI WALA, KATRA MASHRU, 110006, KATRA MASHRU, DELHI, INDIA"
8479966517,62606865@N00,31:04.0,26.926111,75.81,"SHRI CHANDPOL HANUMAN MANDIR, CHANDPOL BAZAAR, 302006, CHANDPOL BAZAAR, JAIPUR, RAJASTHAN, INDIA"
8511557605,66146036@N00,00:40.0,25.308725,83.012205,"APEX, MEER GHAT, 221001, MEER GHAT, VARANASI, UTTAR PRADESH, INDIA"
8524074660,37313707@N00,05:58.0,22.260866,84.884461,"32 PEARLS DENTAL CLINIC AND ADVANCE IMPLANT CENTRE, SECTOR-20, 769014, SECTOR-20, ODHISA, INDIA"
8553232181,52250666@N02,48:46.0,9.969634,76.260192,"PRIYADARSHINI PARK, 628002, INDIA"
8557180264,36859875@N00,38:27.0,27.174666,78.0435,"JAWAB, TAJ EAST GATE ROAD, 282006, TAJ EAST GATE ROAD, AGRA, UTTAR PRADESH, INDIA"
8557479946,10340578@N06,30:26.0,25.309038,83.012455,"GANPATI, D-3/24, MEER GHAT, 221001, MEER GHAT, VARANASI, UTTAR PRADESH, INDIA"
8628331994,95726175@N00,46:29.0,18.942173,72.82339,"G ROAD (MGCM ANUVRAT MARG), 400020, MUMBAI, MAHARASHTRA, INDIA"
9688871016,91316426@N04,16:41.0,12.99823,77.622352,"ITC FACTORY, POTTERY ROAD, 560084, POTTERY ROAD, BANGALORE, BENGALURU DIVISION, INDIA"
10123045814,57673737@N00,36:44.0,25.582344,91.890816,"POLO GROUND BUS STATION, BUDDHIST TEMPLE ROAD, 793001, BUDDHIST TEMPLE ROAD, SHILLONG, MEGHALAYA, INDIA"
10123126145,57673737@N00,36:59.0,25.582344,91.890816,"POLO GROUND BUS STATION, BUDDHIST TEMPLE ROAD, 793001, BUDDHIST TEMPLE ROAD, SHILLONG, MEGHALAYA, INDIA"
10372943834,8250978@N04,02:21.0,22.72255,75.873708,"Y N ROAD BUS STOP, SHIVAJI NAGAR, 452001, SHIVAJI NAGAR, INDORE, MADHYA PRADESH, INDIA"
11619814033,51121232@N00,59:02.0,11.175091,79.810833,"TEMPLE TANK, INDIA"
12070974074,113353244@N05,52:48.0,12.308557,76.652555,"WHISKEY BAR, D. DEVARAJA URS ROAD, 570001, D. DEVARAJA URS ROAD, MYSURU, MYSURU DIVISION, INDIA"
13848210825,29486666@N00,15:03.0,9.59748,76.509638,"KOTTAYAM CHERIYAPALLY, KOTTAYAM - KUMARAKOM ROAD, 686003, KOTTAYAM - KUMARAKOM ROAD, KOTTAYAM, KERALA, INDIA"
25454455,98309550@N00,30:35.0,10.108683,77.057418,"NORTHERN OUTLET ROAD, 685612, KERALA, INDIA"
70481035,24648752@N00,41:53.0,19.063821,73.247737,"CHANDERI FORT, CHANDERI FORT-PANVEL ROUTE, CHANDERI FORT-PANVEL ROUTE, MAHARASHTRA, INDIA"
86371200,40494725@N00,56:05.0,22.571139,88.352479,"BHARAT BIRYANI, LALBAZAR STREET, 700069, LALBAZAR STREET, KOLKATA, WEST BENGAL, INDIA"
367246225,37403827@N00,14:06.0,28.669277,77.214145,"RANI JHANSI FLYOVER, 110006, DELHI, INDIA"
386829336,43646035@N00,03:57.0,18.365767,73.754653,"SINHAGAD, 411025, INDIA"
425037473,24711978@N00,40:27.0,18.915055,72.817039,"IDBI TOWER, S VASWANI ROAD, 400005, S VASWANI ROAD, MUMBAI, MAHARASHTRA, INDIA"
445906804,92026638@N00,56:56.0,12.970183,77.559356,"RAILWAY GATE KEMPAPURA, TANK BUND ROAD, 560053, TANK BUND ROAD, BENGALURU, BENGALURU DIVISION, INDIA"
484457567,63546548@N00,41:41.0,28.656474,77.23277,"GURU KIRPA RESTAURANT, CHANDNI CHOWK, 110006, CHANDNI CHOWK, DELHI, INDIA"
489551262,99644237@N00,01:31.0,12.427859,76.68148,"RUINS OF TIPPU SULTAN'S PALACE, RAILWAY STATION ROAD, 571438, RAILWAY STATION ROAD, SRIRANGAPATNA, KARNATAKA, INDIA"
516616847,68222897@N00,09:49.0,32.275812,77.175006,"GOSHAL, 175103, HIMACHAL PRADESH, INDIA"
537482778,8765969@N02,35:03.0,15.281452,76.3694,"OVERHEAD WATER TANK, COLLEGE ROAD, 583200, COLLEGE ROAD, HOSPET, KARNATAKA, INDIA"
607209067,89044848@N00,14:39.0,24.870123,80.050721,"MADHYA PRADESH, INDIA"
607415720,89044848@N00,22:21.0,24.870123,80.050721,"MADHYA PRADESH, INDIA"
612602009,89044848@N00,25:16.0,24.852562,79.92897,"KARMA HOME STAY, JAIN TEMPLE ROAD, 471505, JAIN TEMPLE ROAD, KHAJURAHO, MADHYA PRADESH, INDIA"
612622080,89044848@N00,59:59.0,24.852562,79.92897,"KARMA HOME STAY, JAIN TEMPLE ROAD, 471505, JAIN TEMPLE ROAD, KHAJURAHO, MADHYA PRADESH, INDIA"
615904063,89044848@N00,14:31.0,27.180611,78.02134,"MOTI MASJID, MINAR BAZAAR, 282003, MINAR BAZAAR, AGRA, UTTAR PRADESH, INDIA"
617291893,89044848@N00,52:49.0,27.174846,78.042969,"JAWAB, TAJ EAST GATE ROAD, 282006, TAJ EAST GATE ROAD, AGRA, UTTAR PRADESH, INDIA"
1018788808,95464641@N00,46:46.0,23.032978,72.577743,"SHREEJA KRUPA CHILDREN HOSPITAL, SHAHPUR, 380001, SHAHPUR, GUJARAT, INDIA"
1042569372,24648752@N00,45:17.0,18.722673,73.491497,"विसापूर, 410405, INDIA"
1092402352,53493424@N00,13:37.0,28.611811,77.219306,"NATIONAL MUSEUM, JANPATH, 110011, JANPATH, NEW DELHI, DELHI, INDIA"
1446375503,7399347@N05,56:35.0,18.533978,73.868293,"SHISHA CAFE, SAI RADHE ROAD, 411001, SAI RADHE ROAD, PUNE, MAHARASHTRA, INDIA"
1640492497,57704782@N00,49:33.0,24.583968,73.689422,"VAZIRPURA, 313001, UDAIPUR, RAJASTHAN, INDIA"
2093164131,21255424@N07,38:43.0,26.2948,73.034362,"STATE BANK OF INDIA, MANDORE ROAD, 342010, MANDORE ROAD, JODHPUR, RAJASTHAN, INDIA"
2093203643,21255424@N07,19:22.0,27.177843,78.008422,"COLLECTORATE, AGRA, UTTAR PRADESH, INDIA"
2268539106,21063397@N00,21:07.0,15.497562,73.767013,"TAJ FORT AGUADA RESORT & SPA, FORT AGUADA ROAD / AGUADA - SIOLIM ROAD, 403515, FORT AGUADA ROAD / AGUADA - SIOLIM ROAD, SINQUERIM, GOA, INDIA"
2288115252,21932201@N04,19:36.0,12.878904,74.851366,"KUDUMAL RANGA RAO ROAD, 575001, MANGALURU, MYSURU DIVISION, INDIA"
2304472472,42389268@N00,56:19.0,15.495536,73.824348,"HOTEL MANOSHANTI, DR DADA VAIDYA ROAD, 403001, DR DADA VAIDYA ROAD, PANAJI, GOA, INDIA"
2308137575,42389268@N00,25:08.0,15.577486,73.802204,"ABAIXO VADDO, 403510, CANCA, GOA, INDIA"
2401547448,28238346@N00,48:40.0,12.990005,77.58605,"EMBASSY ZENITH (U/C), 28, SANKEY ROAD, 560062, SANKEY ROAD, BENGALURU, INDIA"
2720973764,61009686@N00,08:17.0,33.973813,76.901561,"SINGE LA, INDIA"
2898184384,72155957@N00,15:47.0,28.524967,77.185692,"QUWWATUL ISLAM MASJID, QUTUB MINAR COMPLEX RD, SETH SARAI, MEHRAULI, NEW DELHI, 110030, QUTUB MINAR COMPLEX RD, SETH SARAI, MEHRAULI, NEW DELHI, DELHI, DELHI, INDIA"
2911815842,96901169@N00,32:00.0,17.439587,78.481521,"BAPU BAGH, TELANGANA, INDIA"
3189653451,11904526@N00,07:41.0,9.972559,76.278333,"ERNAKULAM BOAT JETTY, BOAT JETTY ROAD, 682011, BOAT JETTY ROAD, ERNAKULAM, KERALA, INDIA"
3222879099,89044848@N00,32:32.0,12.301914,76.667404,"LION-TAILED MACAQUES, 570001, MYSURU, MYSURU DIVISION, INDIA"
3230859290,24574470@N00,11:58.0,15.549787,73.763494,"UNION BANK OF INDIA, CALANGUTE ARPORA ROAD, 403516, CALANGUTE ARPORA ROAD, CALANGUTE, GOA, INDIA"
3328584141,11124467@N02,06:20.0,20.460965,72.886281,"396210, DAMAN, DADRA AND NAGAR HAVELI AND DAMAN AND DIU, INDIA"
3410535669,11124467@N02,34:17.0,33.361036,78.323238,"FREE BATHS, CHUMATHANG, LADAKH, INDIA"
3761103260,81102241@N00,15:06.0,15.327234,76.46759,"MATANGA HILL, 583239, INDIA"
3826891164,32859046@N05,32:06.0,9.504561,76.353435,"LAKE CHAPEL, NEHRUTROPHY, 688001, NEHRUTROPHY, ALAPPUZHA, KERALA, INDIA"
3914783409,62274725@N00,23:27.0,12.950035,77.5862,"LALBAGH GLASSHOUSE, 572161, BENGALURU, BENGALURU DIVISION, INDIA"
4015764342,29480496@N05,23:36.0,16.993591,73.270568,"LAKSHMI SADAN, MIRKARWADA VILLAGE ROAD, 415612, MIRKARWADA VILLAGE ROAD, RATNAGIRI, MAHARASHTRA, INDIA"
4018007433,15315685@N00,57:25.0,15.3567,75.121078,"TATWADARSHA MULTISPECIALTY HOSPITAL, GOKUL ROAD / AIRPORT ROAD, 580020, GOKUL ROAD / AIRPORT ROAD, HUBLI, KARNATAKA, INDIA"
4044717306,68222897@N00,15:11.0,32.112261,77.167322,"JIO, AIRTEL, IDEA, NAGGAR JANA ROAD, 175104, NAGGAR JANA ROAD, NASHALA, HIMACHAL PRADESH, INDIA"
4055006831,12664097@N04,48:28.0,13.051406,80.283021,"MARINA BEACH, 600001, INDIA"
4066187091,29480496@N05,51:44.0,16.993591,73.270568,"LAKSHMI SADAN, MIRKARWADA VILLAGE ROAD, 415612, MIRKARWADA VILLAGE ROAD, RATNAGIRI, MAHARASHTRA, INDIA"
4280428293,46643494@N06,22:46.0,18.942497,72.83575,"CSMT, CSMT, 400038, CSMT, MUMBAI, MAHARASHTRA, INDIA"
4294199381,84079543@N00,32:12.0,15.118861,78.12395,"BELUM, 518123, ANDHRA PRADESH, INDIA"
4336610444,60955494@N00,01:54.0,25.382727,83.024024,"DEER PARK, DHARMAPALA ROAD, 221007, DHARMAPALA ROAD, SARNATH, UTTAR PRADESH, INDIA"
4507137329,60955494@N00,28:51.0,25.33813,82.994842,"PRACHIN SHRI CHAURA MATA MANDIR, MAKBUL ALAN ROAD, 221002, MAKBUL ALAN ROAD, VARANASI, UTTAR PRADESH, INDIA"
4545549543,41176276@N00,08:34.0,26.901673,75.80767,"RAMBAGH GOLF CLUB, BHAGWANDAS ROAD, 302001, BHAGWANDAS ROAD, JAIPUR MUNICIPAL CORPORATION, RAJASTHAN, INDIA"
4662687362,9720378@N06,10:54.0,17.926475,73.569431,"SHRI RAMVARDAYINI MANDIR, PRATAPGAD-KUDPAN, PRATAPGAD-KUDPAN, MAHARASHTRA, INDIA"
4692260734,57419996@N00,17:15.0,28.524737,77.185242,"QUWWATUL ISLAM MASJID, QUTUB MINAR COMPLEX RD, SETH SARAI, MEHRAULI, NEW DELHI, 110030, QUTUB MINAR COMPLEX RD, SETH SARAI, MEHRAULI, NEW DELHI, DELHI, DELHI, INDIA"
5025584609,61173416@N00,53:33.0,13.10799,77.578277,"YELAHANKA INDUSTRIAL ESTATE, BENGALURU DIVISION, INDIA"
5047751391,16418833@N00,53:10.0,28.655509,77.230049,"CHEL PURI, 110006, DELHI, INDIA"
5095668327,25473113@N08,20:29.0,26.913651,75.793819,"CHARIS CAFE, 18, AJMER PULIA, 302001, AJMER PULIA, JAIPUR MUNICIPAL CORPORATION, RAJASTHAN, INDIA"
5175487410,39790692@N05,24:47.0,17.484352,78.371744,"SRILA PARK LINK ROAD, 500071, TELANGANA, INDIA"
5184419817,66741113@N00,15:18.0,17.443251,78.487486,"PARADISE CROSSROADS, SARDAR PATEL ROAD, 500003, SARDAR PATEL ROAD, TELANGANA, INDIA"
5202657248,46293521@N04,14:12.0,26.986732,75.850993,"JALEB CHOWK, 303101, RAJASTHAN, INDIA"
5224105342,81073027@N00,55:07.0,13.01234,80.221374,"ANNA SALAI (MOUNT ROAD), 600001, CHENNAI, TAMIL NADU, INDIA"
5882674232,40584328@N00,03:56.0,12.980743,77.624995,"AAVISHKAR ACADEMY, SATHYANARAYANA TEMPLE STREET, 560042, SATHYANARAYANA TEMPLE STREET, BENGALURU, BENGALURU DIVISION, INDIA"
5891748325,40584328@N00,20:40.0,12.97424,77.612078,"NAMMA METRO - REACH 1, DICKENSON ROAD, 560042, DICKENSON ROAD, BENGALURU, BENGALURU DIVISION, INDIA"
6133405354,72155957@N00,22:24.0,32.561254,76.13079,"TEMPLE, CHAMBA PATHANKOT ROAD, 176310, CHAMBA PATHANKOT ROAD, CHAMBA, HIMACHAL PRADESH, INDIA"
6162066484,56017663@N03,56:57.0,13.005143,80.266284,"WARD 176, 600001, CHENNAI, TAMIL NADU, INDIA"
6175098715,53628484@N00,39:41.0,12.9735,77.621833,"HYATT, KOLI STREET, 560042, KOLI STREET, BENGALURU, KARNATAKA, INDIA"
6269367879,25095063@N04,21:24.0,15.5618,73.748666,"WEATHER SPOON, CALANGUTE BAGA ROAD, 403518, CALANGUTE BAGA ROAD, GOA, GOA, INDIA"
6339335849,28552823@N02,07:30.0,26.481021,74.560346,"THE PINEAPPLE EXPRESS HOSTEL, 5 SAMARIYA COLONY JA­MNI KUND ROAD, 305022, 5 SAMARIYA COLONY JA­MNI KUND ROAD, PUSHKAR, RAJASTHAN, INDIA"
6774624822,47244420@N04,45:19.0,17.49479,78.413393,"MANA HOSPITALS, VIVEKANANDA NAGAR ROAD, 500072, VIVEKANANDA NAGAR ROAD, HYDERABAD, TELANGANA, INDIA"
6787472916,49235175@N02,46:06.0,12.322057,75.893125,"DRIVER'S PARKING, KARIDIGODU, SIDDAPUR, 571253, KARIDIGODU, SIDDAPUR, KODAGU, KARNATAKA, INDIA"
6795664507,80209127@N00,27:26.0,8.507656,76.886616,"HORSE RIDING, FLOATING BRIDGE, 695001, FLOATING BRIDGE, THIRUVANANTHAPURAM, KERALA, INDIA"
6799641682,79476731@N00,10:47.0,10.096822,76.284166,"VISWA DEEPTHI VIDYALAYA PLAYGROUND, KOONAMMAVU - PAATHALAM ROAD, 683525, KOONAMMAVU - PAATHALAM ROAD, ERNAKULAM, KERALA, INDIA"
6862657266,68151052@N03,20:27.0,13.030183,78.355127,"BANGARU THIRUPATHI TEMPLE, MULABAGILU-K.G.F ROAD, 563131, MULABAGILU-K.G.F ROAD, ANGONDAHALLI, KARNATAKA, INDIA"
6958387113,28552823@N02,20:55.0,26.231838,78.180942,"PRASAD NURSING HOME, GWALIOR, PADAAV PUL, 474003, PADAAV PUL, MADHYA PRADESH, INDIA"
7121050751,9288799@N02,34:29.0,28.593333,77.25,"HUMAYUN'S TOMB, WARD NUMBER 142, 110013, WARD NUMBER 142, DELHI, DELHI, INDIA"
7168724592,74821492@N00,01:17.0,13.060422,80.24958,"KHADER NAWAZ KHAN ROAD, 600001, CHENNAI, TAMIL NADU, INDIA"
7487737352,84013956@N00,10:37.0,17.383683,78.400161,"RAMDAS JAIL, OPP: GOLKONDA FORT, 500048, OPP: GOLKONDA FORT, TELANGANA, INDIA"
7529246964,8796403@N06,06:49.0,30.733299,78.439903,"JEEP STAND, 249193, UTTAR KASHI, UTTARAKHAND, INDIA"
8105208300,37313707@N00,07:25.0,22.259308,84.865361,"MEDKIND DENTAL CLINIC, RING ROAD, 769005, RING ROAD, ODISHA, INDIA"
8237322038,46273880@N00,45:49.0,23.255061,77.397255,"VIP ROAD, 462001, BHOPAL, MADHYA PRADESH, INDIA"
8242737973,60474555@N00,58:54.0,13.157719,75.495644,"577171, BALUR HANDPOST, KARNATAKA, INDIA"
8270851333,51035643000@N01,53:33.0,28.661068,77.235946,"LOTHIYAN ROAD, 110006, DELHI, INDIA"
8471826515,8796403@N06,25:14.0,25.430134,81.883335,"AKBAR FORT, 211001, AKBAR FORT, PRAYAGRAJ, UTTAR PRADESH, INDIA"
8507650100,41222366@N00,41:05.0,13.011142,80.007883,"CHOKHI DHANI, CHENNAI - BANGALORE, 602117, CHENNAI - BANGALORE, THANDALAM, TAMIL NADU, INDIA"
8552042067,52250666@N02,11:53.0,9.969634,76.260192,"PRIYADARSHINI PARK, 628002, INDIA"
8781592501,64061631@N06,46:32.0,19.062361,72.828197,"SKYPER, PALI MARKET ROAD, 400050, PALI MARKET ROAD, MUMBAI, MAHARASHTRA, INDIA"
8944456882,96918448@N08,00:03.0,11.875688,75.864722,"AKKARE KOTTIYOOR TEMPLE, AKKARE KOTTIYOOR TEMPLE LANE, 670651, AKKARE KOTTIYOOR TEMPLE LANE, KOTTIYOOR, KERALA, INDIA"
9394321608,86292040@N00,56:33.0,18.946,72.7935,"BANGANGA LANE, 400006, MUMBAI, MAHARASHTRA, INDIA"
9554005407,62453359@N02,26:51.0,26.273885,73.028869,"RATAN VILAS, PUBLIC ROAD, 342011, PUBLIC ROAD, JODHPUR, RAJASTHAN, INDIA"
9673429595,9339226@N03,55:14.0,25.600741,91.885356,"FAMILY DENTAL CARE, MARWROH, 793008, MARWROH, SHILLONG, MEGHALAYA, INDIA"
9688957337,95012188@N02,15:21.0,34.116047,75.948636,"BAGHPA, PANIKHAR, LADAKH, INDIA"
10686938023,93382693@N00,58:16.0,27.192855,78.031328,"TOMB OF ITIMAD UD DAULAH, 282003, AGRA, UTTAR PRADESH, INDIA"
12014823715,8734876@N07,04:01.0,11.940968,79.829041,"HOTEL ANANDHA HERITAGE, PERUMAL KOVIL STREET, 605001, PERUMAL KOVIL STREET, PUDUCHERRY, PUDUCHERRY, INDIA"
12207672576,41073622@N06,00:11.0,13.054366,80.156152,"CHENNAI BYPASS EXPRESSWAY, 600095, TAMIL NADU, INDIA"
12901719373,29780116@N03,06:52.0,28.598737,77.1914,"BRITISH EMBASSY, SHANTI PATH, 110021, SHANTI PATH, NEW DELHI, DELHI, INDIA"
12938823204,44124380238@N01,16:07.0,18.931136,72.835341,"ALLAHABAD BANK, SHAHID BHAGAT SINGH MARG, 400038, SHAHID BHAGAT SINGH MARG, MUMBAI, MAHARASHTRA, INDIA"
59796236,92095273@N00,10:01.0,14.518782,74.321479,"DOLPHIN BAY CAFE, OM BEACH, 581326, OM BEACH, GOKARNA, KARNATAKA, INDIA"
208942141,95674706@N00,05:00.0,17.523418,78.880805,"NEW HUSSAINABAD RD, 508100, BHONGIR, TELANGANA, INDIA"
236754582,46471983@N00,29:28.0,22.513627,88.343381,"RAMAKRISHMA SARADA MISSION MATRI BHAVAN/MATRI BHAVAN HOSPITAL, SADANANDA ROAD, 700026, SADANANDA ROAD, KOLKATA, WEST BENGAL, INDIA"
329617355,15655687@N00,07:18.0,28.684564,77.223072,"POSTAL ACCOUNT OFFICE, MAHATMA GANDHI ROAD, 110054, MAHATMA GANDHI ROAD, DELHI, INDIA"
352846147,20399511@N00,04:17.0,15.483129,73.917045,"KIRAN'S MART SUPERMARKET, 403203, NEURA, GOA, INDIA"
372125186,91314344@N00,25:25.0,18.955364,72.805452,"ROTUNDA, BONSAI GARDEN, 400036, BONSAI GARDEN, MUMBAI, MAHARASHTRA, INDIA"
374421114,89429056@N00,32:53.0,26.305572,73.050155,"SHAKTI NAGAR ROAD NO 6, 342006, JODHPUR, RAJASTHAN, INDIA"
399892847,43224524@N00,53:14.0,25.300967,83.009433,"MANASAROVAR GHAT DRAIN, 221001, INDIA"
404467245,86394197@N00,49:09.0,29.651509,79.418449,"263645, RĀNIKHET, UTTARAKHAND, INDIA"
414960176,7107896@N05,31:09.0,10.784407,79.14113,"DR. MUTHIAH PANDIAN EYE HOSPITAL, ABRAHAM PANDITHAR ROAD, 613001, ABRAHAM PANDITHAR ROAD, THANJAVUR, TAMIL NADU, INDIA"
606984227,89044848@N00,56:23.0,24.870123,80.050721,"MADHYA PRADESH, INDIA"
611456258,89044848@N00,30:41.0,25.350483,78.647539,"RAMJI MAHAL, MAIN ROAD NEAR RIVER, 472246, MAIN ROAD NEAR RIVER, ORCHHA, MADHYA PRADESH, INDIA"
612721088,89044848@N00,30:14.0,24.852562,79.92897,"KARMA HOME STAY, JAIN TEMPLE ROAD, 471505, JAIN TEMPLE ROAD, KHAJURAHO, MADHYA PRADESH, INDIA"
691958263,84609891@N00,13:28.0,12.903429,74.865045,"STATE BANK OF INDIA ATM, 575001, MANGALURU, KARNATAKA, INDIA"
782165927,28747587@N00,17:43.0,18.640064,73.512954,"TIKONA PETH, 410406, MAHARASHTRA, INDIA"
1118375742,45818641@N00,48:22.0,12.296061,77.437477,"MAHALLI, KARNATAKA, INDIA"
1210931041,88188214@N00,10:30.0,12.946093,77.584762,"LALBAGH TANK, INDIA"
1293031271,32573704@N00,10:55.0,28.601403,77.202644,"1, LOK KALYAN MARG, 110011, LOK KALYAN MARG, NEW DELHI, DELHI, INDIA"
1416603166,65809978@N00,13:07.0,32.239041,76.324261,"RAM PRASHAD FRESH FRUIT SHOP, TIPA ROAD, 176200, TIPA ROAD, DHARMSALA, MACLEOD GANJ, HIMACHAL PRADESH, INDIA"
2093178957,21255424@N07,09:05.0,26.2948,73.034362,"STATE BANK OF INDIA, MANDORE ROAD, 342010, MANDORE ROAD, JODHPUR, RAJASTHAN, INDIA"
2093215255,21255424@N07,23:06.0,26.2948,73.034362,"STATE BANK OF INDIA, MANDORE ROAD, 342010, MANDORE ROAD, JODHPUR, RAJASTHAN, INDIA"
2219175859,25897810@N00,57:10.0,9.501804,76.331119,"JOHNSON TIMBER, AS CANAL WEST BANK ROAD, 688001, AS CANAL WEST BANK ROAD, ALAPPUZHA, KERALA, INDIA"
2371490365,29172291@N00,28:20.0,18.529947,73.871519,"SHERATON GRAND PUNE, RAJA BAHADUR MILL MARG, 411011, RAJA BAHADUR MILL MARG, PUNE, MAHARASHTRA, INDIA"
2399967881,11124467@N02,23:53.0,13.212705,75.994341,"HOYSALESWARA TEMPLE, 573121, HALEBIDU, KARNATAKA, INDIA"
2439505250,25036906@N02,27:54.0,9.540404,76.426477,"R-BLOCK, KERALA, INDIA"
2455427647,11309626@N02,53:08.0,19.131302,72.825622,"ACHUTRAO PATWARDHAN MARG, 402205, ACHUTRAO PATWARDHAN MARG, MUMBAI, MAHARASHTRA, INDIA"
2537903649,41894181187@N01,35:53.0,29.83908,78.681936,"SHYAM EYE CLINIC, MEERUT-PAURI HIGHWAY, 246155, MEERUT-PAURI HIGHWAY, JAIHARĪKHĀL, UTTARAKHAND, INDIA"
2798645283,56796376@N00,42:03.0,18.991606,73.265762,"PAYMASTER PARK, INDIA"
3084399983,25350228@N02,03:21.0,28.594281,77.177538,"JESUS AND MARY COLLEGE, SAN MARTIN MARG, 110021, SAN MARTIN MARG, NEW DELHI, DELHI, INDIA"
3152824577,33867231@N02,10:05.0,28.617255,77.218501,"WINDSOR PLACE, JANPATH, 020626, JANPATH, NEW DELHI, DELHI, INDIA"
3153660610,33867231@N02,10:16.0,28.617255,77.218501,"WINDSOR PLACE, JANPATH, 020626, JANPATH, NEW DELHI, DELHI, INDIA"
3225735996,26124666@N00,09:18.0,15.5379,73.761799,"CALENGUTE -  CANDOLIM ROAD, 403516, CALENGUTE -  CANDOLIM ROAD, CALANGUTE, GOA, INDIA"
3257414915,56053642@N00,56:42.0,19.131113,72.916407,"LADIES RESTROOM, INFINITE CORRIDOOR, 400076, INFINITE CORRIDOOR, MUMBAI, MAHARASHTRA, INDIA"
3391736902,11124467@N02,55:21.0,25.085655,82.735963,"PRIMARY HEALTH CENTRE, PANDARI, VARANASI ROAD, 231001, VARANASI ROAD, UTTAR PRADESH, INDIA"
3422075819,25953512@N03,42:05.0,18.962711,72.931022,"ELEPHANTA CAVES, PATH TO CAVES, PATH TO CAVES, INDIA"
3548297458,8804814@N08,06:28.0,19.058188,72.827768,"OSOKOZI, ST. LEO ROAD, 400050, ST. LEO ROAD, MUMBAI, MAHARASHTRA, INDIA"
3723971313,10600292@N04,15:47.0,34.162599,77.578239,"NAMGYAL PALACE, FORT ROAD, FORT ROAD, LEH, LADAKH, INDIA"
3922803815,38476144@N07,43:40.0,19.07619,72.875877,"SANTA CRUZ – CHEMBUR LINK ROAD, 400070, MUMBAI, MAHARASHTRA, INDIA"
3929092621,17364099@N00,22:43.0,15.522797,73.849807,"BRITONA, 403500, BRITONA, GOA, INDIA"
4023435957,32928755@N00,43:17.0,17.383718,78.399998,"RAMDAS JAIL, OPP: GOLKONDA FORT, 500048, OPP: GOLKONDA FORT, TELANGANA, INDIA"
4201176791,21703271@N02,07:50.0,27.171362,78.042047,"DARWAZA-I-RAUZA, TAJ EAST GATE ROAD, 282006, TAJ EAST GATE ROAD, AGRA, UTTAR PRADESH, INDIA"
4245205866,60955494@N00,53:45.0,30.118774,78.303165,"AERAN DENTAL CARE, 21, TILAK ROAD, RISHIKESH, 249304, 21, TILAK ROAD, RISHIKESH, UTTARAKHAND, INDIA"
4285060346,60955494@N00,40:19.0,25.31889,83.007545,"TANDON MULTISPECIALITY HOSPITAL AND ISHITA MODERN EYE CARE CENTRE, ST. KABIR ROAD, 221001, ST. KABIR ROAD, VARANASI, UTTAR PRADESH, INDIA"
4292672711,60955494@N00,09:46.0,25.31889,83.007545,"TANDON MULTISPECIALITY HOSPITAL AND ISHITA MODERN EYE CARE CENTRE, ST. KABIR ROAD, 221001, ST. KABIR ROAD, VARANASI, UTTAR PRADESH, INDIA"
4370734102,33037982@N04,27:09.0,15.509389,73.764653,"SUDHA'S SHACK, CASABLANCA RESORT LFNE, 403516, CASABLANCA RESORT LFNE, CANDOLIM, GOA, INDIA"
4499768824,89743353@N00,11:12.0,13.001128,75.323123,"BENAKA HEALTH CENTRE, 574240, BELTHANGADY, KARNATAKA, INDIA"
4504678899,11037560@N04,25:06.0,27.216758,77.95024,"SOUTH ENTRANCE, AGRA MATHURA ROAD, 282007, AGRA MATHURA ROAD, AGRA, UTTAR PRADESH, INDIA"
4510847250,48889042138@N01,02:09.0,25.303052,83.007373,"GODOWALIA LANKA ROAD, 221001, GODOWALIA LANKA ROAD, VARANASI, UTTAR PRADESH, INDIA"
4517535942,60955494@N00,38:08.0,25.31889,83.007545,"TANDON MULTISPECIALITY HOSPITAL AND ISHITA MODERN EYE CARE CENTRE, ST. KABIR ROAD, 221001, ST. KABIR ROAD, VARANASI, UTTAR PRADESH, INDIA"
4641825242,50549738@N06,11:11.0,12.594606,80.146207,"KADUMBADI ROAD, KADAMPĀDI, TAMIL NADU, INDIA"
4856465800,24183489@N00,22:45.0,26.294952,73.023553,"SARDAR MARKET, NAI SARAK, 342002, NAI SARAK, JODHPUR, RAJASTHAN, INDIA"
5291173076,93288376@N00,12:52.0,25.099245,73.524713,"DELWARIYA, RAJASTHAN, INDIA"
5354171186,37850683@N04,23:20.0,15.228953,74.15162,"UNION HIGH SCHOOL, 403704, SANGUEM, GOA, INDIA"
5362843034,48587703@N00,26:39.0,22.554296,72.927289,"388001, ANAND, GUJARAT, INDIA"
5384629479,48587703@N00,43:01.0,22.554296,72.927289,"388001, ANAND, GUJARAT, INDIA"
5413789403,11083093@N02,40:04.0,15.32221,76.47002,"TREASURY BUILDING, HAMPI KAMALAPURA ROAD, 583221, HAMPI KAMALAPURA ROAD, KAMALAPURA, KARNATAKA, INDIA"
5560905980,8831683@N05,20:43.0,11.407257,76.699333,"DISTRICT MUNSIF'S COURT, HOSPITAL ROAD, 643001, HOSPITAL ROAD, UDHAGAMANDALAM, TAMIL NADU, INDIA"
5580747841,29011891@N00,27:31.0,20.264371,85.786871,"KHANDAGIRI BUS STAND, KHANDAGIRI - CHANDAKA ROAD, 751003, KHANDAGIRI - CHANDAKA ROAD, BHUBANESWAR MUNICIPAL CORPORATION, ODISHA, INDIA"
5725714349,36813143@N08,35:16.0,9.956677,76.246833,"SREE JANARDHANA KALYANA MANDAPAM, SREE GOPALAKRISHNA TEMPLE ROAD, 682001, SREE GOPALAKRISHNA TEMPLE ROAD, KOCHI, KERALA, INDIA"
5764529654,37850683@N04,26:14.0,28.521041,77.188267,"MEHRAULI ARCHEOLOGICAL PARK PATH, 110030, DELHI, INDIA"
5837918291,50628848@N07,48:19.0,23.337507,75.04898,"457001, RATLAM, MADHYA PRADESH, INDIA"
6197436028,72155957@N00,21:34.0,28.524967,77.185692,"QUWWATUL ISLAM MASJID, QUTUB MINAR COMPLEX RD, SETH SARAI, MEHRAULI, NEW DELHI, 110030, QUTUB MINAR COMPLEX RD, SETH SARAI, MEHRAULI, NEW DELHI, DELHI, DELHI, INDIA"
6203674053,84625484@N00,07:14.0,11.337668,76.822242,"COONOOR-METTUPALAYAM RD, 643103, KURUMBADI, TAMIL NADU, INDIA"
6269937050,25095063@N04,35:13.0,15.4919,73.773708,"OLD LIGHTHOUSE TOWER, AGUADA FORT AREA, 403515, AGUADA FORT AREA, CANDOLIM, GOA, INDIA"
6297958255,67811528@N06,00:00.0,13.035289,77.535066,"NATIONAL INSTITUTE OF DESIGN, HMT LINK ROAD, 560057, HMT LINK ROAD, BENGALURU, BENGALURU DIVISION, INDIA"
6368079459,65030641@N04,29:31.0,22.528017,88.322353,"DEBI CHOWDHURY ROAD, 700023, KOLKATA, WEST BENGAL, INDIA"
6369232925,76323120@N00,09:03.0,18.934277,72.827489,"CHURCHGATE PLATFORM, 400023, MUMBAI, MAHARASHTRA, INDIA"
6415298285,30789195@N07,01:51.0,27.056666,88.254833,"PADMAJA NAIDU HIMALAYAN ZOOLOGICAL PARK, HOOKER ROAD, 734104, HOOKER ROAD, SINGAMARI, WEST BENGAL, INDIA"
6458781171,7729354@N08,38:40.0,28.621822,77.38306,"SECTOR 63, 201309, NOIDA, UTTAR PRADESH, INDIA"
6462476669,58608377@N00,44:35.0,28.660918,77.238435,"SHYAMA PRASAD MUKHERJI MARG, 110006, DELHI, INDIA"
6627463159,50628848@N07,36:59.0,22.584672,88.341364,"8, BANKIM SETU, 711106, BANKIM SETU, HOWRAH, WEST BENGAL, INDIA"
6708381653,84292292@N00,43:37.0,13.040847,80.279902,"VEERAMAMUNIVAR, KAMARAJAR SALAI, 600001, KAMARAJAR SALAI, CHENNAI, TAMIL NADU, INDIA"
6797085994,34663048@N00,38:46.0,18.38499,83.897609,"CHINTADA JUCTION BUS STOP, KALINGAPATNAM - SRIKAKULAM - PARVATHIPURAM ROAD, 532185, KALINGAPATNAM - SRIKAKULAM - PARVATHIPURAM ROAD, VAKALAVALASA, ANDHRA PRADESH, INDIA"
7139928541,65326158@N00,42:53.0,25.53438,82.059877,"IFFCO HOSPITAL, 212404, UTTAR PRADESH, INDIA"
7327141024,9288799@N02,54:25.0,27.1755,78.042333,"TAJ EAST GATE ROAD, 282006, TAJ EAST GATE ROAD, AGRA, UTTAR PRADESH, INDIA"
7505204182,65638600@N05,16:53.0,11.676005,92.762458,"ROSS ISLAND, UNION TERRITORY OF ANDAMAN AND NICOBAR ISLANDS, INDIA"
7531344890,8796403@N06,12:55.0,29.964184,78.174515,"249401, HARIDWĀR, UTTARAKHAND, INDIA"
7534069626,8796403@N06,00:00.0,19.01,72.839996,"SMT. KAMLA MEHTA BLIND SCHOOL, DADASAHEB PHALKE MARG, 400014, DADASAHEB PHALKE MARG, MUMBAI, MAHARASTRA, INDIA"
7571577772,28565785@N02,09:36.0,28.593449,77.25075,"HUMAYUN'S TOMB, WARD NUMBER 142, 110013, WARD NUMBER 142, DELHI, DELHI, INDIA"
8009399302,51917228@N05,29:30.0,9.626476,77.137756,"PATHUMURY - 1ST MILE ROAD, 685509, PATHUMURI, KERALA, INDIA"
8140817335,9126603@N05,16:57.0,17.44057,78.463668,"RADHA KRISHNA TEMPLE, NUMBER 4, WARD 149 BEGUMPET, 500133, NUMBER 4, WARD 149 BEGUMPET, TELANGANA, INDIA"
8405099698,23930118@N04,06:19.0,26.266325,73.026638,"RESIDENCY ROAD, 342011, JODHPUR, RAJASTHAN, INDIA"
8415161152,30443947@N03,45:01.0,19.173325,72.845458,"GRAND SAROWAR PREMIERE, GOREGAON MULUND LINK ROAD, 400062, GOREGAON MULUND LINK ROAD, MUMBAI, MAHARASHTRA, INDIA"
8512684174,66146036@N00,26:05.0,25.308725,83.012205,"APEX, MEER GHAT, 221001, MEER GHAT, VARANASI, UTTAR PRADESH, INDIA"
8524307227,39423133@N04,55:46.0,22.577955,88.3915,"EMILY NURSING HOME, RAMAKRISHNA SAMADHI ROAD, 700054, RAMAKRISHNA SAMADHI ROAD, KOLKATA, WEST BENGAL, INDIA"
8556354709,10340578@N06,28:32.0,25.305891,83.010361,"AHILYABAI GHAT, PANDEYGHAT, 221001, PANDEYGHAT, VARANASI, UTTAR PRADESH, INDIA"
8800552656,96083631@N08,54:21.0,10.243978,77.486572,"HOTEL CRESCENT PARK, CONVENT ROAD, 624100, CONVENT ROAD, KODAIKANAL, TAMIL NADU, INDIA"
9114500651,8293801@N07,00:00.0,30.839825,76.931548,"KALKA, RAILWAY ROAD, 133302, RAILWAY ROAD, KALKA, HARYĀNA, INDIA"
9606202647,97490011@N06,32:55.0,18.945312,72.829027,"BOMANJI MASTER LN, 400020, MUMBAI, MAHARASHTRA, INDIA"
9897623795,91685781@N00,47:23.0,28.656568,77.243585,"DIWAN-E-KHAAS, MAHATMA GANDHI MARG, 110006, MAHATMA GANDHI MARG, DELHI, INDIA"
10150114646,57673737@N00,17:44.0,25.012433,85.051766,"BARABAR PAHAR, BIHAR, INDIA"
11690499914,8293801@N07,09:16.0,26.283026,73.02226,"BHAVNA TREE, STATION ROAD, 342001, STATION ROAD, JODHPUR, RAJASTHAN, INDIA"
12044243836,74821492@N00,35:11.0,23.2518,69.666497,"HATKESHWAR TEMPLE, DURBARGARH ROAD, 370001, DURBARGARH ROAD, BHUJ, GUJARAT, INDIA"
12177235214,10297667@N06,02:02.0,27.040988,88.264488,"HILL CART ROAD, 734101, DARJEELING, WEST BENGAL, INDIA"
12246812283,26743206@N00,02:08.0,28.488156,77.270193,"ARAVALLI NURSERY, INDIA"
72799662,30881829@N00,11:08.0,15.284185,73.912067,"SEASHELL FAMILY RESTAURANT & BAR, COLVA, SALCETTE, GOA, 403708, COLVA, SALCETTE, GOA, GOA, GOA, INDIA"
111695401,44124298927@N01,34:38.0,12.836845,79.709415,"VAIKUNTA PERUMAL TEMPLE, ARAPERUM SELVI STREET, 631501, ARAPERUM SELVI STREET, KANCHIPURAM, TAMIL NADU, INDIA"
138000355,47498608@N00,26:36.0,26.920539,75.79914,"MIRZA ISMAIL ROAD, 302006, MIRZA ISMAIL ROAD, JAIPUR, RAJASTHAN, INDIA"
147939671,87472505@N00,26:17.0,12.941177,77.566126,"BMS KATTE, BULL TEMPLE ROAD, 560019, BULL TEMPLE ROAD, BANGALORE, KARNATAKA, INDIA"
189519018,63087819@N00,58:09.0,10.228944,77.485885,"GLV RESORT, SIVANADI ROAD, 624100, SIVANADI ROAD, KODAIKANAL, TAMIL NADU, INDIA"
214877477,34873647@N00,10:23.0,22.324115,87.307491,"BOUNDARY ROAD, 721301, KHARAGPUR, WEST BENGAL, INDIA"
271499784,30835617@N00,38:38.0,17.717947,83.323059,"PANDURANGASWAMY TEMPLE ROAD, 530001, VISAKHAPATNAM, ANDHRA PRADESH, INDIA"
328913207,87232391@N00,38:27.0,12.970054,77.609991,"ACCESSORIZE, 15, MAGRATH ROAD, 560025, MAGRATH ROAD, BANGALORE, KARNATAKA, INDIA"
346575036,91314344@N00,03:48.0,19.119189,72.874299,"ROAD NO. 16, 400096, MUMBAI, MAHARASHTRA, INDIA"
368380963,25028352@N00,27:11.0,15.352479,75.138244,"HOTEL TRUPTI INTERNATIONAL, SOLAPUR ROAD, 580020, SOLAPUR ROAD, HUBBALLI, KARNATAKA, INDIA"
443408534,90236105@N00,19:57.0,24.577724,73.677577,"THE LEELA PALACE KEMPINSKI UDAIPUR, HANUMAN GHAT, 313001, HANUMAN GHAT, UDAIPUR, RAJASTHAN, INDIA"
482288281,95674706@N00,39:35.0,27.373749,88.751549,"PRIMARY HEALTH CENTER CHIPSU TSOMOGO, CHANGGU, SIKKIM, INDIA"
500037522,24112723@N00,06:16.0,8.304075,77.077589,"POZHIKARA POOVAR, 695513, INDIA"
611119762,89044848@N00,24:25.0,25.350483,78.647539,"RAMJI MAHAL, MAIN ROAD NEAR RIVER, 472246, MAIN ROAD NEAR RIVER, ORCHHA, MADHYA PRADESH, INDIA"
787313040,28747587@N00,50:36.0,18.530072,73.816967,"VETAL TEKDI QUARRY, INDIA"
1108235913,52038978@N00,41:33.0,17.684586,83.296966,"YARADA MASJID, YARADA BEACH ROAD, 530005, YARADA BEACH ROAD, ANDHRA PRADESH, INDIA"
1433840130,93904837@N00,00:10.0,12.973445,77.617678,"B: NORTH SIDE, MAHATMA GANDHI ROAD, 560042, MAHATMA GANDHI ROAD, BENGALURU, BENGALURU DIVISION, INDIA"
1499686515,97803134@N00,06:56.0,27.174884,78.041918,"TAJ MAHAL, TAJ EAST GATE ROAD, 282006, TAJ EAST GATE ROAD, AGRA, UTTAR PRADESH, INDIA"
1985943188,21063397@N00,37:26.0,12.985092,77.616477,"SS LEGEND'S CHOICE, BENGALURU, BENGALURU DIVISION, INDIA"
2018164887,67248291@N00,49:28.0,28.626814,77.216591,"JAI PRAKASH YANTRA, TOLSTOY MARG, 110001, TOLSTOY MARG, NEW DELHI, DELHI, INDIA"
2194582104,75823101@N00,23:41.0,18.534955,73.850097,"INTERNAL ROAD, 411016, PUNE, MAHARASHTRA, INDIA"
2211877266,37403827@N00,51:26.0,17.397575,78.476371,"NIZAM COLLEGE, 500001, TELANGANA, INDIA"
2256925089,72366900@N00,06:37.0,18.928432,72.833046,"FORBES STREET, 400023, MUMBAI, MAHARASHTRA, INDIA"
2276853739,8514972@N03,07:37.0,32.232406,76.322107,"FOREST TRAIL TO DHARAMSHALA, 176200, DHARAMSHALA, HIMACHAL PRADESH, INDIA"
2281407280,93085601@N00,48:11.0,32.046351,76.646289,"QASBA, 176125, BAIJNATH, HIMACHAL PRADESH, INDIA"
2308231548,15954559@N04,51:34.0,21.916956,84.139952,"PANPALI, 768220, ODISHA, INDIA"
2319290238,91314344@N00,47:33.0,19.286152,72.938801,"GAIMUKH BEACH, THANE, MAHARASHTRA, INDIA"
2325601271,42389268@N00,57:20.0,15.469563,73.943309,"BANASTARI WETLANDS, INDIA"
2400747754,11124467@N02,10:03.0,12.854118,76.48463,"BAHUBALI STATUE, 573135, SHRAVANABELAGOLA, KARNATAKA, INDIA"
2400964181,48889048097@N01,59:54.0,13.034892,80.231802,"BURKIT ROAD, 600001, CHENNAI, TAMIL NADU, INDIA"
2508074680,56796376@N00,19:26.0,13.040647,80.238436,"VIP SHOW ROOM, SRI MUTHUKRISHNAN STREET, 600001, SRI MUTHUKRISHNAN STREET, CHENNAI, TAMIL NADU, INDIA"
2764717796,39438001@N00,57:24.0,18.517103,73.828538,"ILS LAW COLLEGE, SIDDHATEK APARTMENTS, NEAR PUNJAB NATIONAL BANK, PRABHAT ROAD, DECCAN GYMKHANA, 411004, SIDDHATEK APARTMENTS, NEAR PUNJAB NATIONAL BANK, PRABHAT ROAD, DECCAN GYMKHANA, PUNE, MAHARASHTRA, INDIA"
3053090303,28633062@N03,31:07.0,12.859439,76.480722,"BHARATH PETROLEUM, JINNENAHALLI, KARNATAKA, 573135, JINNENAHALLI, KARNATAKA, SHRAVANABELAGOLA, KARNATAKA, INDIA"
3164563688,48889048097@N01,53:24.0,13.034892,80.231802,"BURKIT ROAD, 600001, CHENNAI, TAMIL NADU, INDIA"
3220018257,26124666@N00,19:55.0,15.459388,74.032917,"KHAJANWADA, GOA, INDIA"
3241191633,32466773@N03,42:39.0,15.479443,73.808931,"SHARADA MANDIR ICSE SCHOOL, DR. JACK SEQUEIRA ROAD, 403002, DR. JACK SEQUEIRA ROAD, CARANZALEM, GOA, INDIA"
3402238835,42203119@N00,13:33.0,17.456925,78.533502,"6TH CROSS, 500047, TELANGANA, INDIA"
3405360369,11124467@N02,00:37.0,34.292927,76.707016,"LADAKH, INDIA"
3558538583,23808252@N00,10:27.0,28.505712,77.095956,"ZARA, AMBIENCE ISLAND, 122010, AMBIENCE ISLAND, GURUGRAM, HARYĀNA, INDIA"
3780748069,40904904@N08,49:45.0,19.13341,72.924156,"NAVAL CIVILLIAN HOUSING COLONY, INDIA"
3925903859,39790692@N05,52:10.0,16.414103,81.606895,"MOGALTURU, 534281, ANDHRA PRADESH, INDIA"
3976458329,98862796@N00,30:22.0,19.209616,72.90493,"CAVE 14, KANHERI CAVES ROAD, 400101, KANHERI CAVES ROAD, MUMBAI, MAHARASHTRA, INDIA"
4022555436,96428452@N00,43:53.0,18.938722,72.824217,"SONAWALA BUILDING, NETAJI SUBHASH CHANDRA ROAD, 400020, NETAJI SUBHASH CHANDRA ROAD, MUMBAI, MAHARASHTRA, INDIA"
4075190637,88426469@N00,56:48.0,25.149302,73.580461,"KUMBHALGARH FORT, POST- KELWARA, RAJASTHAN, INDIA"
4281885571,64087373@N00,37:47.0,26.334175,73.022311,"BAL SAMAND LAKE PALACE, 342007, RAJASTHAN, INDIA"
4289490153,60955494@N00,12:54.0,25.31889,83.007545,"TANDON MULTISPECIALITY HOSPITAL AND ISHITA MODERN EYE CARE CENTRE, ST. KABIR ROAD, 221001, ST. KABIR ROAD, VARANASI, UTTAR PRADESH, INDIA"
4371111332,33037982@N04,37:12.0,15.509389,73.764653,"SUDHA'S SHACK, CASABLANCA RESORT LFNE, 403516, CASABLANCA RESORT LFNE, CANDOLIM, GOA, INDIA"
4490077295,10261095@N06,52:58.0,22.534122,88.333168,"ALIPORE ROAD, 700027, KOLKATA, WEST BENGAL, INDIA"
4520115733,60955494@N00,05:00.0,10.775155,76.268252,"BHAGAVATI KULAM, 679121, INDIA"
4571950542,25588248@N00,47:15.0,28.5935,77.250666,"HUMAYUN'S TOMB, WARD NUMBER 142, 110013, WARD NUMBER 142, DELHI, DELHI, INDIA"
4669273790,66729335@N00,45:13.0,18.539024,73.912754,"HARD ROCK CAFE, KOREGAON PARK ANNEXE MUNDHWA ROAD, 411036, KOREGAON PARK ANNEXE MUNDHWA ROAD, PUNE, MAHARASHTRA, INDIA"
4720094624,31902638@N06,11:39.0,18.366663,73.754653,"SINHAGAD, 411025, INDIA"
5134693613,25095063@N04,09:23.0,28.65173,77.236091,"MEENA BAZAAR, 110006, DELHI, INDIA"
5143295154,13244443@N02,40:51.0,28.656333,77.238,"ENTRANCE FEE 600 RUPEES, CHANDNI CHOWK, 110006, CHANDNI CHOWK, DELHI, INDIA"
5171215527,60586954@N00,36:55.0,19.804389,85.832276,"VIP ROAD, 752001, PURI, ODISHA, INDIA"
5283898243,8306673@N02,02:53.0,30.461381,78.09789,"ROKEBY MANOR, TEHRI RD, 248179, TEHRI RD, MUSSOORIE, UTTARAKHAND, INDIA"
5283927315,8306673@N02,49:43.0,30.456155,78.103539,"PROSPECT POINT LODGE, TEHRI RD, 248179, TEHRI RD, MUSSOORIE, UTTARAKHAND, INDIA"
5395118366,12373974@N07,59:52.0,27.179795,78.020825,"AGRA FORT, 282004, AGRA, UTTAR PRADESH, INDIA"
5427579825,63897193@N00,56:15.0,28.641183,77.21569,"STAR PARADISE, MAIN BAZAR ROAD, CHUNA MANDI, PAHARGANJ 110055, 110055, MAIN BAZAR ROAD, CHUNA MANDI, PAHARGANJ 110055, DL, INDIA"
5468982810,59214847@N08,22:36.0,25.316408,83.007888,"MEDIA FLEETBLUE, ST. KABIR ROAD, 221001, ST. KABIR ROAD, VARANASI, UTTAR PRADESH, INDIA"
5509603275,36167875@N08,09:56.0,18.92902,72.831115,"ESPLANADE ROAD, 400023, MUMBAI, MAHARASHTRA, INDIA"
5660991906,37850683@N04,00:56.0,26.203136,78.202142,"DEEP HOSPITAL, GANDHI ROAD, 474011, GANDHI ROAD, MADHYA PRADESH, INDIA"
5732556137,37850683@N04,16:41.0,28.521527,77.184963,"MEHRAULI ARCHEOLOGICAL PARK, INDIA"
5754278301,25095063@N04,51:56.0,28.53933,77.259261,"CGHS DISPENSARY KALKAJI, HANSRAJ SETHI MARG, 110019, HANSRAJ SETHI MARG, DELHI, INDIA"
5761511196,14021337@N00,39:32.0,28.648827,77.233602,"KARIM'S, 19, KALAN MAHAL ROAD, 110002, KALAN MAHAL ROAD, DELHI, INDIA"
5868388801,23234180@N06,20:20.0,32.245147,76.346998,"KARTHANI - LETA TRAIL, 176200, DHARAMSHALA, HIMACHAL PRADESH, INDIA"
5923183197,89723132@N00,37:27.0,12.275747,76.881827,"CHENNAKESAVA TEMPLE, 571120, SOMANATHAPURA, KARNATAKA, INDIA"
5939625349,7226703@N06,14:43.0,32.255772,77.178644,"DOUBLE DUTCH GUESTHOUSE, MANU TEMPLE ROAD, 175131, MANU TEMPLE ROAD, OLD MANALI, HIMACHAL PRADESH, INDIA"
5974618263,71102643@N00,03:08.0,12.934466,77.619953,"NAATI MANAE, #462, KORAMANGALA., 5TH BLOCK, KORAMANGALA, 560095, KORAMANGALA., 5TH BLOCK, KORAMANGALA, BANGALORE, KARNATAKA, INDIA"
6090996005,37850683@N04,37:57.0,28.534163,77.177195,"MAYUR PAHARI, IDGAH ROAD, 110070, IDGAH ROAD, DELHI, INDIA"
6134352214,72155957@N00,57:41.0,33.74875,75.218582,"SURYA TEMPLE - MARTANDA TEMPLE, 192125, ANANTNAG, JAMMU & KASHMIR, INDIA"
6337938526,28552823@N02,46:18.0,26.928957,75.823001,"GOVIND DEV JI KA MANDIR, KABUTRO KA CHOWK, 302001, KABUTRO KA CHOWK, JAIPUR MUNICIPAL CORPORATION, RAJASTHAN, INDIA"
6342599959,15237218@N00,45:38.0,19.076972,72.85128,"GRAND HYATT MUMBAI, BANDRA KURLA COMPLEX, OFF WESTERN EXPRESS HIGHWAY, 400055, BANDRA KURLA COMPLEX, OFF WESTERN EXPRESS HIGHWAY, MUMBAI, MAHARASHTRA, INDIA"
6517673319,68964414@N00,31:18.0,9.967075,76.239323,"FORT KOCHI BEACH, INDIA"
6573915971,80209127@N00,40:41.0,9.9676,76.240824,"ERNAKULAM DISTRICT HERITAGE MUSEUM, CHURCH ROAD, 682001, CHURCH ROAD, FORT KOCHI, KERALA, INDIA"
6799248197,9325692@N02,22:57.0,18.509705,73.823318,"ARAI ROAD, 411029, PUNE, MAHARASHTRA, INDIA"
6939815973,28552823@N02,45:46.0,32.24707,76.348114,"LETA, LETA - BHAGSUNAG TRAIL, 176200, LETA - BHAGSUNAG TRAIL, BHAGSU, HIMACHAL PRADESH, INDIA"
7522653690,8246898@N07,00:48.0,21.137055,79.061247,"KHARE TOWN PARK, INDIA"
7539035732,8796403@N06,00:00.0,26.4885,74.554499,"ASTHAL GHAT, 305022, PUSHKAR, RAJASTHAN, INDIA"
8185714777,90082547@N06,00:00.0,9.941122,76.260566,"KARUVELIPPADI EAST, MAULANA AZAD ROAD, 682005, MAULANA AZAD ROAD, KOCHI, KERALA, INDIA"
8362460654,46273880@N00,55:17.0,15.502877,73.911925,"CHURCHES AND CONVENTS OF GOA, NH4A, 403108, NH4A, OLD GOA, GOA, INDIA"
8396636340,60745848@N02,25:06.0,26.986641,75.850639,"MAHENDI KA BASS, 302028, MAHENDI KA BASS, KUNDA, RAJASTHAN, INDIA"
8406392261,23930118@N04,06:59.0,26.916789,70.889453,"GORBANDH PALACE, BADA BAGH ROAD, 345001, BADA BAGH ROAD, MOOLSAGAR, RAJASTHAN, INDIA"
9045176668,46273880@N00,55:10.0,12.608836,80.189658,"BHIMA RATHA, FIVE RATHAS ROAD, 603104, FIVE RATHAS ROAD, MAHABALIPURAM, TAMIL NADU, INDIA"
9053218595,72155957@N00,07:28.0,31.131375,77.744836,"HATESHWARI MANDIR, 171215, HATKOTI, HIMACHAL PRADESH, INDIA"
9610132038,97490011@N06,28:46.0,25.318011,83.015413,"PRIMARY HEALTH CENTRE, TOWN HALL, PANCHGANGA GHAT, 221001, PANCHGANGA GHAT, VARANASI, UTTAR PRADESH, INDIA"
10106665814,8078844@N07,54:43.0,15.600866,73.733441,"MAHALAXMI BAR & RESTAURANT, VAGATOR BEACH ROAD, 403519, VAGATOR BEACH ROAD, GOA, GOA, INDIA"
12310492393,101709991@N06,08:57.0,27.188838,77.511469,"FOREST RESTHOUSE, JATOLI ROAD, 321001, JATOLI ROAD, BHARATPUR, RAJASTHAN, INDIA"
13190630563,98499408@N07,57:30.0,8.398508,76.972747,"SAMUDRA, GV RAJA ROAD, 695001, GV RAJA ROAD, TRIVANDRUN, KERALA, INDIA"
13915939801,65638600@N05,36:42.0,24.846255,79.927772,"GOVERNMENT HOSPITAL KHAJURAHO, NEAR BUS STAND, 471006, NEAR BUS STAND, KHAJURAHO, MADHYA PRADESH, INDIA"
